,CISS,Correlation_Effect,Money_Market_Contribution,Bond_Market_Contribution,Equity_Market_Contribution,FX_Market_Contribution,Financial_Intermediaries_Contribution
2024-01-30,0.15519618694027218,0.28324270561526965,0.04960092734554015,0.04543777996641807,0.016028117409619985,0.017663639594275086,0.026465722624418903
2024-01-31,0.23603532038702216,0.47241782447707203,0.08223293994572027,0.07737236810333149,0.0219717686344717,0.01725998980766626,0.03719825389583245
2024-02-01,0.2822814212133092,0.5358171656151393,0.09478760357601153,0.0931562442266321,0.009000603306920976,0.03769002634773159,0.047646943756012916
2024-02-02,0.30518427458078073,0.5824244070090034,0.10333829373703055,0.1006478292847055,0.02017848339243792,0.02806643599130002,0.05295323217530677
2024-02-05,0.3731234123042916,0.6191638505572085,0.10303146489587146,0.10290145673827414,0.055578487372851794,0.01885118285161055,0.09276082044568364
2024-02-06,0.4405802771474521,0.6680240591896658,0.11116200879954022,0.10912812977418586,0.05863182293780165,0.060244899406186145,0.10141341622973825
2024-02-07,0.38047859726734373,0.7133973698762693,0.11481765543520431,0.11391888709520272,0.03902152542840277,0.029809149943386376,0.08291137936514753
2024-02-08,0.37380910814730134,0.7317163491785952,0.09994361892717613,0.1159223066572704,0.05185391450871935,0.029499115809404786,0.07659015224473066
2024-02-09,0.4222633267230455,0.7462074558510219,0.09988603739738092,0.11594614537107743,0.06212519816166514,0.04473327635600352,0.09957266943691852
2024-02-12,0.43406183014311595,0.7671996533889736,0.09939363488524867,0.1227519445422358,0.06371180323681662,0.04599170625565396,0.1022127412231609
2024-02-13,0.42932116455568337,0.7847407584710964,0.09474560338496178,0.1225925720320201,0.04654892688043774,0.05132740079028799,0.11410666146797573
2024-02-14,0.45788287412801826,0.7967362762275068,0.08598896503536768,0.12480110489568925,0.08197391608429992,0.04726047202819332,0.11785841608446794
2024-02-15,0.47879910214006655,0.8068933913453878,0.08852531170141001,0.12935708226607953,0.07200623439827611,0.06861770572071016,0.12029276805359065
2024-02-16,0.36168876662960076,0.8167580612012677,0.08943607956251154,0.1279373257020779,0.029583362846660095,0.030526600502640562,0.08420539801571077
2024-02-19,0.37890956673388154,0.8183931118231794,0.09425482873176147,0.13068513628168568,0.03625846647657552,0.03101731373944019,0.0866938215044187
2024-02-20,0.4653395144785974,0.8217202216182127,0.09446547429626699,0.1290596799517949,0.07117261762047512,0.03830380875574662,0.13233793385431372
2024-02-21,0.4535471319825503,0.8280690880072438,0.09510840758844356,0.13518608208412222,0.06181177129376908,0.0499884226356079,0.11145244838060751
2024-02-22,0.4268298413816345,0.8336178468648897,0.09915895228324621,0.13845495367351768,0.048835565202163624,0.02538049087567644,0.11499987934703049
2024-02-23,0.3897178861460916,0.838884263399214,0.09784781277023906,0.12867295630721803,0.05161009746477055,0.021137241282499886,0.0904497783213641
2024-02-26,0.47758633319387295,0.8406966962985841,0.10185448687963951,0.1433376834424043,0.07060969627704644,0.02594906338181457,0.1358354032129681
2024-02-27,0.4625734732687709,0.8451970713380091,0.10639278619782395,0.14170915726265626,0.07684416417624317,0.0443673003327039,0.0932600652993436
2024-02-28,0.4289059044106673,0.8495173091103357,0.10711499089149748,0.13761734466742764,0.04985618643492679,0.030769918282736574,0.10354746413407874
2024-02-29,0.4550913606530031,0.8532963012243806,0.10338099019558376,0.1335711060499267,0.07498257261152827,0.045688305892329056,0.09746838590363531
2024-03-01,0.4406053962070985,0.8566577666610763,0.10378824805531571,0.13103940850658147,0.05989859029882173,0.03543550236897262,0.11044364697740701
2024-03-04,0.4057007809333348,0.8594973172575654,0.10602722811313801,0.14203136770219507,0.040335464652402286,0.03437989269030262,0.08292682777529688
2024-03-05,0.4511425827713684,0.859942585730895,0.11429788068612212,0.1454454074133829,0.07583745637941752,0.01805653723319465,0.0975053010592511
2024-03-06,0.4662384281887009,0.8624822350936834,0.11680861766623116,0.14379231384029076,0.051341462183529515,0.04790058817475681,0.10639544632389274
2024-03-07,0.42479599339826873,0.8649384004101129,0.11959305756851643,0.1400246733262356,0.034506728835259105,0.04304260386292846,0.08762892980532903
2024-03-08,0.41534221738748867,0.8656749716883652,0.12442089619331992,0.14296133653184237,0.025629432232663413,0.013087369650721742,0.10924318277894121
2024-03-11,0.45421137962795005,0.8661388170082529,0.12821582487996186,0.14749366521652352,0.06347137997603786,0.01400371420674761,0.10102679534867919
2024-03-12,0.4284349200858423,0.8684491623361666,0.13284308971378422,0.14332830269737054,0.03537619684896931,0.012764607110452846,0.10412272371526535
2024-03-13,0.3971471138682535,0.8700152390973124,0.13500078985677985,0.13527481040452702,0.036992773945869986,0.02237834473268678,0.06750039492838991
2024-03-14,0.4094964427558452,0.8712203746369052,0.13253525699200797,0.13500485805397083,0.032104813805517454,0.043080818525352484,0.06677069537899642
2024-03-15,0.48934767808787666,0.8720367883605284,0.13146927328983926,0.12478594672287668,0.07772800349796208,0.04907209643687594,0.10629235814032269
2024-03-18,0.48246587313006856,0.8754977027174513,0.12610843549903866,0.12987698204091958,0.039248033497149795,0.06875299544699776,0.11847942664596271
2024-03-19,0.48611642423630913,0.8791074503229245,0.12182906398175963,0.1244133168541,0.07088236449847833,0.06045305826367618,0.10853862063829496
2024-03-20,0.44856407318042335,0.884590641209841,0.123146161705433,0.11757393719387495,0.03686955218480912,0.06575224923638505,0.10522217285992126
2024-03-21,0.4220079694056205,0.8896914361639077,0.12992764175370033,0.11376841671891232,0.04119201294995101,0.050439199530552266,0.0866806984525046
2024-03-22,0.4722967410240528,0.8938260397882183,0.13268976590661843,0.1240564855223123,0.07873176350470502,0.029184241299121883,0.10763448479129518
2024-03-25,0.5312184113388206,0.8993699552083657,0.12709206926094072,0.12520362841010954,0.08129737862828379,0.08554637054265402,0.11207896449683258
2024-03-26,0.481663746296537,0.9066891666945681,0.11736984173589529,0.11727465127220034,0.05654313543481087,0.07691389466553397,0.11356222318809658
2024-03-27,0.48853295932640506,0.9111565376119066,0.11861775397782304,0.11727852127162183,0.07059669551260758,0.047447101591129213,0.13459288697322339
2024-03-28,0.4854728329143999,0.914944347746272,0.11872663662093358,0.11824635087408515,0.07482851935898646,0.08645143443271862,0.08721989162767613
2024-03-29,0.4966194748089906,0.9177921027465337,0.11514557089575937,0.11398929738048814,0.0632096188348269,0.06638937100182277,0.13788561669609345
2024-04-01,0.481572712437039,0.9218207568253206,0.11894149187803876,0.12571602762373665,0.05390594871933897,0.06755179929281616,0.11545744492310842
2024-04-02,0.45399046040181923,0.925569164239582,0.11592693049215974,0.1260328825216523,0.04499092105437549,0.056554462318891004,0.11048526401474067
2024-04-03,0.5163577338320436,0.9281576551708274,0.12862657268509106,0.12355946527628446,0.08389960536504804,0.08565360408348109,0.09461848642213895
2024-04-04,0.44183460101794986,0.9316968285800248,0.12833451329102288,0.12041142215034231,0.04714728308404956,0.0498861294042848,0.09605525308825034
2024-04-05,0.4729360162215097,0.9330396757476965,0.12597260084110634,0.11950744403277586,0.08600617693506327,0.05191716830932066,0.08953262610324354
2024-04-08,0.4711904681215874,0.9354083386532135,0.11598081343301264,0.1254085510194387,0.05803950951643561,0.08043038628419759,0.09133120786850274
2024-04-09,0.49242712824080115,0.9380736792987258,0.11306126864408793,0.12330375291149656,0.0705155647640827,0.06500038092778573,0.1205461609933481
2024-04-10,0.46199811196220514,0.9408877520718417,0.11320287284769877,0.1363175955757629,0.06173804147453031,0.05719412162200488,0.09354548044220833
2024-04-11,0.4609691876082873,0.9428240309145235,0.10908053355042573,0.13204485640314692,0.053451441122713154,0.05651994977975779,0.1098724067522437
2024-04-12,0.5285228447174597,0.9436138886473857,0.11739448378447792,0.1350284231208805,0.07321056836854785,0.08450421490983938,0.11838515453371405
2024-04-15,0.4677813908432844,0.9441868505578052,0.11290591315331656,0.13798510193978636,0.05779117416012604,0.08267210848978579,0.07642709310026959
2024-04-16,0.4991266287220521,0.9438517249508726,0.10751486840647735,0.13020694662314403,0.08165184476215423,0.08680463108209602,0.09294833784818042
2024-04-17,0.48886266541129386,0.9441234566185266,0.10853702729630307,0.12608136869488357,0.07662020283108885,0.08861379214876251,0.08901027444025586
2024-04-18,0.4121262551384766,0.9449933991800648,0.11409369123958789,0.13016601991855595,0.03710525262922249,0.044645357441577875,0.08611593390953241
2024-04-19,0.4353198284242711,0.9430114545692929,0.10959723676726586,0.13217010938057808,0.07930206562834685,0.049600917452936044,0.06464949919514419
2024-04-22,0.44007764441658676,0.9411179979946089,0.10582019693986629,0.12034453769631853,0.0453515129742284,0.08892453524358511,0.07963686156258845
2024-04-23,0.44158040030636303,0.9394803021930104,0.10820051354390893,0.12191051480425838,0.07584885589358795,0.043694464448451834,0.09192605161615601
2024-04-24,0.4784027208285112,0.939931088261462,0.11358117402508586,0.12443602123860407,0.05891221624063968,0.04766264731026627,0.13381066201391523
2024-04-25,0.4684648062048832,0.9374216972902336,0.11180168484217382,0.11495102807716463,0.12243071826026782,0.04103987903097401,0.07824149599430298
2024-04-26,0.48436370814844626,0.9320331959826161,0.11644299246396991,0.11115902473871414,0.0862069549250063,0.08718546746672032,0.0833692685540356
2024-04-29,0.5213864435539612,0.928262780346071,0.11977269890239595,0.11226863233161931,0.08858696769916836,0.0551597620657088,0.1455983825550688
2024-04-30,0.5427261454947123,0.9257640644407475,0.12090818857367876,0.12129696088420504,0.10448255845394266,0.0745470905434177,0.1214913470394682
2024-05-01,0.5132239114153342,0.9267218495224753,0.113152494592613,0.11432001818256257,0.10857969386531051,0.06314356748977286,0.11402813728507519
2024-05-02,0.5395845716465896,0.9280503873119835,0.11253524381578385,0.11614026894235008,0.11107374714285159,0.05660863779824279,0.14322667394736127
2024-05-03,0.49513316835583204,0.9296557123180169,0.10902104258889503,0.11272990527320836,0.10784982279384871,0.06402668212919888,0.10150571557068114
2024-05-06,0.4985548519523402,0.9303947815137227,0.10256320426135528,0.11037754363364902,0.10187944956627958,0.061928639525427855,0.12180601496562861
2024-05-07,0.4825878313435424,0.9320050879049555,0.1027407183517274,0.1238759518412256,0.07730015952177585,0.04461882625560733,0.1340521753732062
2024-05-08,0.4653919046116436,0.9304907412732796,0.10257378250256628,0.11937634496965331,0.09778700598577986,0.05167764851795958,0.09397712263568453
2024-05-09,0.5721095008591252,0.9297633502274638,0.10122462931085356,0.11342624808024286,0.13314406401157594,0.09741772425480409,0.12689683520164863
2024-05-10,0.4998159604379014,0.9323828874208793,0.10327180537837563,0.1160951290793872,0.09984572652696032,0.09054636964454736,0.09005692980863088
2024-05-13,0.5227303977792614,0.9330972711483256,0.10246926463214162,0.13019278460431757,0.11491056158078596,0.07650907808575773,0.0986487088762587
2024-05-14,0.5461832417850236,0.9345060855042839,0.0954618814903589,0.13313645753588593,0.0998768708706941,0.08329613297565745,0.13441189891242722
2024-05-15,0.5131288102814557,0.937210339008795,0.0957381270189562,0.11649942691720877,0.10282255162878647,0.07409127404447483,0.1239774306720296
2024-05-16,0.46120041685031715,0.9392631966002287,0.1006811258507962,0.11981152586554103,0.07938129903025556,0.06626612788612639,0.09506033821759796
2024-05-17,0.5005547234327063,0.9392796967487249,0.10058428248647765,0.11774277773417087,0.10926214215197769,0.05364495065945475,0.11932057040062545
2024-05-20,0.4595226460333264,0.9390588293214831,0.09868744232554381,0.11278564837205007,0.07019526367211508,0.09760296493735103,0.08025132672626639
2024-05-21,0.47567711686623565,0.9396152090731843,0.09943644417278424,0.11265517782273772,0.09361625547616295,0.08000293276203177,0.08996630663251907
2024-05-22,0.4998950577185455,0.9410079890848113,0.09365622820497652,0.11301975217984507,0.06431456177367059,0.10155970737839226,0.1273448081816611
2024-05-23,0.441486628487987,0.9401207548285435,0.09485102838742578,0.11676250424799656,0.05477868965142696,0.06168771357142675,0.11340669262971094
2024-05-24,0.43448808110557074,0.9390739669912777,0.08873139845586876,0.10559036416248382,0.07542168868748846,0.07729490709933459,0.08744972270039511
2024-05-27,0.4225996145277943,0.937852126835331,0.08733594084020355,0.1075206847773419,0.026486322532147413,0.09275135994528945,0.10850530643281206
2024-05-28,0.38955662097719623,0.9353483274030234,0.08896856531518524,0.1137147887803361,0.04625187004796054,0.05234022661478336,0.08828117021893105
2024-05-29,0.3800913773951378,0.9330851468269812,0.0875777555132096,0.11294983457128709,0.07180592258521547,0.04692365200316263,0.06083421272226303
2024-05-30,0.4226341893046537,0.9303421893059454,0.0853668318586243,0.10744109272824569,0.07931106117757772,0.0888830858024578,0.061632117737748196
2024-05-31,0.4225281555807915,0.9290352451308953,0.0886606863857201,0.10699755001665012,0.0536450797713378,0.10436406428242082,0.06886077512466271
2024-06-03,0.4491037911333719,0.9281218508451652,0.09032744942083656,0.11566200912894607,0.0415097016755948,0.09558924259098238,0.10601538831701207
2024-06-04,0.4770327724751918,0.9278613759089649,0.09215295135011874,0.13170273808177646,0.07744354791051204,0.06137035872153786,0.11436317641124673
2024-06-05,0.42699469051808964,0.9272969510225268,0.0942386822666463,0.13395911859391046,0.035728921892416526,0.05607591010907881,0.1069920576560375
2024-06-06,0.44307222929402684,0.9252933532176288,0.09403506203828502,0.13211537641742524,0.05284615056697009,0.07450918655306261,0.08956645371828388
2024-06-07,0.38498212418317196,0.924597764206937,0.10143880982637787,0.12269727810578147,0.032324520260462994,0.0595042970560475,0.06901721893450209
2024-06-10,0.4042095346481644,0.9235058329392575,0.09365948919887906,0.12255237510081068,0.06961440294492252,0.04886582045158907,0.06951744695196302
2024-06-11,0.45915958581773436,0.923262625060992,0.09402254554426902,0.1264942494178052,0.04885295149929029,0.1037155914766679,0.08607424787970196
2024-06-12,0.40631190519372407,0.9234361481675547,0.09549444681837707,0.12264007637080912,0.04285131522205347,0.07019084212843146,0.07513522465405302
2024-06-13,0.44374980404291836,0.9236706476199293,0.09765210941241668,0.12703501820284596,0.042571277092404096,0.07903323651551103,0.09745816281974058
2024-06-14,0.4308309107020784,0.9234168371821099,0.09840084931651882,0.1434810413679289,0.051284777624077287,0.057004629948879865,0.08065961244467355
2024-06-17,0.4691071631786749,0.922048231381939,0.10299835361578827,0.14346199253627653,0.0646643799016415,0.08218571637199647,0.075796720752972
2024-06-18,0.436110040875454,0.9208486232185101,0.10373444332949729,0.1428886367576859,0.038767485344947256,0.06893071583777406,0.08178875960554959
2024-06-19,0.41899456589043066,0.9197794976045981,0.10728346685970695,0.14706815484008431,0.03794995722400074,0.05948390241726326,0.06720908454937537
2024-06-20,0.3918734457150116,0.9184533883945583,0.10471815010986778,0.13615288025334554,0.050912691766123556,0.05775890599982578,0.04233081758584894
2024-06-21,0.4447475977029296,0.9175267204072785,0.1063464041290956,0.1362081661580989,0.07571401598321481,0.06916369398975601,0.057315317442764385
2024-06-24,0.4411988040717208,0.9173583516226022,0.10536378337796608,0.1392651103880612,0.0678989646082871,0.07637429636081089,0.0522966493365956
2024-06-25,0.41931383313545123,0.9166775902261125,0.10518935497292821,0.14118278476238397,0.04378879827326837,0.059187057006725385,0.06996583812014531
2024-06-26,0.40398540993392096,0.9168360804433157,0.10443749577753257,0.1418809850470811,0.03522960687057781,0.04100495225919712,0.0814323699795323
2024-06-27,0.4071654683263732,0.9155455821078149,0.10256032925029278,0.1348567403356708,0.04988642069437858,0.06766867084555399,0.05219330720047702
2024-06-28,0.3577720756549783,0.9138586807759901,0.10198758820628637,0.1404607988090341,0.027055973541084435,0.04499734606655532,0.043270369032018016
2024-07-01,0.3766372786625593,0.9107565573142617,0.09972903824449084,0.1423744371486547,0.030788830598970328,0.02744221857734312,0.07630275409310036
2024-07-02,0.3676209259276528,0.9069125406529116,0.10235495865636536,0.14329694211891153,0.05284372284119328,0.03751428252149577,0.03161101978968679
2024-07-03,0.41429189634607816,0.9023851618331566,0.13680253791990324,0.13708675371890583,0.025200467511561127,0.07209607434698502,0.04310606284872298
2024-07-04,0.4093151684588468,0.8962590757633369,0.14490697917853426,0.13728524845550746,0.018819088205004452,0.05692774182013847,0.05137611079966215
2024-07-05,0.38038370071458416,0.8928424714899984,0.1436984261201226,0.13020033521255728,0.01762250757376585,0.03177675567822672,0.05708567612991172
2024-07-08,0.45019990915983654,0.8907673732337852,0.14214870418008962,0.13027180587030582,0.04376683786597497,0.040680714683117764,0.09333184656034832
2024-07-09,0.43829436535930766,0.8910893980890939,0.13845798521489336,0.1298511374853189,0.029656203589946757,0.05023779598675522,0.09009124308239345
2024-07-10,0.4340330336446976,0.8915601995828647,0.13619108560557147,0.12346119719157991,0.03491359101778569,0.06411745267341337,0.0753497071563471
2024-07-11,0.38851190779641925,0.8921349859597137,0.13225140159318802,0.11735906954409675,0.021355042183602596,0.05685311669055605,0.06069327778497581
2024-07-12,0.39658057776649847,0.8917445711109294,0.13650011387713756,0.1192737620572519,0.05935601659677999,0.02874179352557012,0.052708891709758884
2024-07-15,0.42558270614746047,0.8907218800383564,0.14176738794101298,0.12633756009782884,0.03553536109339375,0.030859655686368257,0.09108274132885662
2024-07-16,0.45292919875439414,0.8913534334990918,0.14411383596730726,0.12736294204643195,0.03294030536395594,0.06690999527053551,0.08160212010616359
2024-07-17,0.43776752544964725,0.8924947945008325,0.14420467073352033,0.12443391990520794,0.05228473441800154,0.06380986404777605,0.05303433634514134
2024-07-18,0.40891890497748157,0.8921100709827098,0.1422693121073739,0.12850131416149901,0.0521685364343695,0.03146970959057119,0.05451003268366795
2024-07-19,0.41091996747938275,0.8919810141843939,0.14000121954915162,0.12960648017125476,0.057967060134397896,0.03596017946948108,0.047385028155097465
2024-07-22,0.44715253714088765,0.8923377155388549,0.14155614574059946,0.13228145452397513,0.06183127477749547,0.06998176099816533,0.041501901100652265
2024-07-23,0.42885355319276985,0.8932495285723008,0.14076299657606547,0.1281027670372455,0.03516730427450004,0.0563614663172654,0.06845901898769341
2024-07-24,0.44491722925487964,0.8959485430555449,0.14269332701472567,0.1325345403848045,0.056343640660395954,0.03358043358223934,0.07976528761271415
2024-07-25,0.45415106207984646,0.8980255068114049,0.14170418233465007,0.13614160964154004,0.07382193930008717,0.04864894084143675,0.05383438996213252
2024-07-26,0.41869191117807325,0.900234865456241,0.1425253729247256,0.13855583336050914,0.03941185710186379,0.04980827024624032,0.048390577544734435
2024-07-29,0.43759165302790487,0.9008127285694387,0.1462106538969399,0.14829127122276958,0.03905886161671163,0.04861078661256605,0.05542007967891772
2024-07-30,0.49302607734604426,0.9013576558005895,0.145447424353334,0.15017896060425573,0.07977370119054036,0.03406706100663646,0.08355893019127776
2024-07-31,0.4808805658622831,0.9044998795099222,0.14149131973436055,0.14861336602971428,0.04510629320390689,0.057356212831915276,0.08831337406238612
2024-08-01,0.46243860523860264,0.9070691340398868,0.13722694195816032,0.15627301301411595,0.05304330789083643,0.03028325297896945,0.08561208939652057
2024-08-02,0.5490627888452837,0.9090601536157356,0.1309428378751485,0.16787788033701617,0.11128232431663494,0.029299891565357575,0.10965985475112654
2024-08-05,0.6526273828395079,0.9105428184482658,0.13517139583053522,0.1713063234287971,0.15180493393132247,0.08565316171439856,0.10869156793445443
2024-08-06,0.5566717111934463,0.9097971944264883,0.1162439040017886,0.1684915749048111,0.09943295321763512,0.03715602190361197,0.1353472571655994
2024-08-07,0.5799435212611663,0.9055675475430505,0.11598870425223326,0.16314476762035432,0.1063863607034828,0.09801996236397743,0.09640372632111845
2024-08-08,0.6004442262048496,0.9058015924297101,0.11715984901558037,0.15805167943497936,0.14312140646789648,0.08758459492154995,0.09452669636484325
2024-08-09,0.603171845335645,0.909916348879002,0.12189535550337079,0.1597249485906238,0.11176925230324751,0.07460836414430454,0.13517392479409848
2024-08-12,0.5880135848433597,0.91427185694303,0.11835141203262532,0.16893632212280665,0.11796746584598258,0.048665179156967595,0.13409320568497776
2024-08-13,0.5792093539972247,0.91567951814499,0.11315010948626283,0.1708307090544512,0.13468419999171982,0.059314883222620365,0.10122945224217057
2024-08-14,0.6369118104487669,0.9172338969646964,0.12326082814853664,0.16515025021464091,0.12297193558256349,0.08127510856044136,0.1442536879425843
2024-08-15,0.6212019399276764,0.9219302707714423,0.1238919418989445,0.16347928895884162,0.14305647666143748,0.07123786659189309,0.11953636581655974
2024-08-16,0.587607499282372,0.9266492434875152,0.12238580034722252,0.16227306437135702,0.11421377552276568,0.04805928884859134,0.1406755701924354
2024-08-19,0.6177928468349275,0.9268352285561008,0.13116786226704716,0.1697008544463874,0.15870532890026254,0.062275542916105486,0.095943258305125
2024-08-20,0.5976029757587921,0.9285755863136205,0.13677601549585405,0.17089690318191883,0.1266372374405662,0.06044271532960051,0.1028501043108525
2024-08-21,0.6506837703967366,0.9261450856289473,0.1367097102776168,0.17044958898766874,0.13661247719776073,0.067674223579816,0.1392377703538743
2024-08-22,0.6553137220567032,0.9288486908616217,0.13379321825324358,0.16646138743315364,0.13311059979276785,0.092251009087149,0.1296975074903892
2024-08-23,0.6636282631703248,0.933135401047733,0.13392084968317597,0.1600780310038841,0.14744029171410378,0.10531449408150269,0.11687459668765833
2024-08-26,0.6597144556768606,0.9367591219919643,0.14034176032362555,0.16345340270347977,0.14417730948453752,0.10985406186509443,0.10188792130012336
2024-08-27,0.6339599032947543,0.9389625375342144,0.1383059779696066,0.1568387818600457,0.14678374996204152,0.06654065226620419,0.1254907412368562
2024-08-28,0.713627379978053,0.9395025285820253,0.13996368378560567,0.15683034335384993,0.13394692218523785,0.12013796113521336,0.16274846951814614
2024-08-29,0.6817732519423402,0.9431939324256775,0.14209798352029895,0.1540797647091186,0.15665436231993934,0.11447057069649168,0.11447057069649169
2024-08-30,0.6713347257431433,0.9455069144911192,0.146913410335628,0.1554502706659415,0.1232881457005743,0.100059944336698,0.14562295470430153
2024-09-02,0.5851476173780593,0.9483632900333526,0.14058676803434061,0.15432683459860333,0.1096218354148789,0.08811564427081545,0.09249653505942097
2024-09-03,0.5795191878729333,0.9494186901427055,0.1345632789178638,0.15918337513468778,0.09259947119607072,0.11103962423296317,0.08213343839134798
2024-09-04,0.6032510133171789,0.9486488198524232,0.1293747839357793,0.166324779963627,0.11672613300441366,0.10328071666004862,0.08754459975331025
2024-09-05,0.5776053779022248,0.9485674525032226,0.13006079716212168,0.16501588123861838,0.09002676924545022,0.0916201633913874,0.1008817668646472
2024-09-06,0.552989490057249,0.9493916533517114,0.1276819640885609,0.16117231532490472,0.10744821021660315,0.06468820819162843,0.09199879223555169
2024-09-09,0.5610840006449306,0.9487529036291431,0.12699842017083018,0.15458944949421843,0.08815184458916449,0.06633799830099836,0.12500628808971914
2024-09-10,0.5956142810747447,0.9483828196651525,0.13780176613297337,0.15881056140324604,0.08851572983541425,0.12047697761625561,0.09000924608685543
2024-09-11,0.6409305631726703,0.9481074101909744,0.13616912725892424,0.15806767111635353,0.08460801035824972,0.1158632047729443,0.14622254966619863
2024-09-12,0.5678778660621089,0.9487873485777207,0.13596795074105922,0.15150714511146599,0.0706236462090923,0.07869207405526504,0.13108704994522632
2024-09-13,0.5542363368001184,0.9484551038485675,0.13840972119154954,0.15633328220916023,0.07637428500281904,0.08742714763034566,0.09569190076624393
2024-09-16,0.5917803181556549,0.9478236977354316,0.1363273979944926,0.15742331651626804,0.08020429400259928,0.09513065144725175,0.1226946581950433
2024-09-17,0.5745058853541779,0.9493699788338902,0.1309682049540926,0.15817849411122142,0.0772453263618126,0.09528584774437787,0.11282801218267337
2024-09-18,0.5663589155660362,0.950417313383808,0.13111268764160883,0.15356349031996647,0.07663207314212751,0.09539096604671082,0.10965969841562259
2024-09-19,0.49676692658214894,0.9514789816398488,0.1305598980580874,0.13855132257579744,0.06622893069052178,0.07182292785291879,0.08960384740482358
2024-09-20,0.5322136232522993,0.9502033292367665,0.1319809978561934,0.1331781044127122,0.059955086705647954,0.07631554297807103,0.13078389129967466
2024-09-23,0.5008421428586175,0.9503030698662012,0.12770476949383072,0.13598562564069633,0.06385238474691536,0.05876414783739555,0.11453521513977942
2024-09-24,0.551153467021651,0.9505226821258781,0.1283330361379401,0.133821618554415,0.059576067320645604,0.09490257960122943,0.1345201654074209
2024-09-25,0.5728358333206633,0.9500716197770014,0.1298680576325098,0.13216219382724692,0.11071700765905214,0.06423581345263926,0.13585276074921532
2024-09-26,0.4939676084792492,0.950129537715034,0.12917771667621722,0.1287787121459432,0.08149667530847066,0.0542646161172681,0.10024988823135006
2024-09-27,0.5668538450307202,0.9474088215331828,0.12045271211303774,0.13258750226810845,0.13149338184429057,0.07022263811049105,0.11209761069479236
2024-09-30,0.560340595628094,0.9469915140804817,0.12069792105970653,0.13690365510643815,0.14714408827707223,0.04086231100126803,0.11473262018360904
2024-10-01,0.5873055400704102,0.9451064823738227,0.11500035832769138,0.149629456736979,0.1252204074284267,0.06796828770877361,0.1294870298685395
2024-10-02,0.5535065632526569,0.9453379980243062,0.11542552143855833,0.1518495681865815,0.13765709220574415,0.04595186279110277,0.10262251863067012
2024-10-03,0.5745118371526694,0.943324469725767,0.11517967016179183,0.15023865832797784,0.11924017444092638,0.07368329716283156,0.11617003705914172
2024-10-04,0.5796618871389069,0.9441312371747753,0.11389047679935088,0.14481635039499707,0.10318536670855025,0.11557554042475468,0.10219415281125392
2024-10-07,0.5930749108673438,0.9437084072855744,0.10928192894866022,0.1608019679815735,0.09323145524994496,0.12127024572362659,0.10848931296353849
2024-10-08,0.6390329637984149,0.9426651665138452,0.11460433205491162,0.1618118159842664,0.13390298900716355,0.1294494527874131,0.09926437396466005
2024-10-09,0.5920928302074475,0.9434065252134386,0.11469446259287792,0.16164193691846007,0.12123145268884505,0.09855007796192879,0.09597490004533565
2024-10-10,0.5483949773436425,0.9445682023866534,0.11543069685858949,0.16194014430418952,0.0920272222377758,0.10382812681352506,0.07516878712956256
2024-10-11,0.5582653631443321,0.9453293482577355,0.11592070118268086,0.16097891893690786,0.10282007399422723,0.10688920819670146,0.07165646083381472
2024-10-14,0.5491692394455696,0.9460728894409567,0.14998110898224093,0.15832442895211393,0.08243994732136421,0.09187584490633964,0.06654790928351087
2024-10-15,0.6265783654455246,0.9447774150496471,0.1499741156488259,0.16157925555022315,0.09244436229147204,0.1221019420394872,0.1004786899155163
2024-10-16,0.6399441046114837,0.9470894338757581,0.1518326053048066,0.16485819226939707,0.12488654372156979,0.11762801052756136,0.08073875278814863
2024-10-17,0.6286162187774411,0.9493530178936302,0.1511987956057362,0.16385683584431796,0.11053359546919013,0.11043392586101232,0.09259306599718453
2024-10-18,0.60736992516956,0.9519826455882933,0.15071809234090777,0.1572145618383607,0.11393808041686662,0.10784139365771848,0.07765779691570646
2024-10-21,0.616947983790516,0.9536562066868978,0.15118329365850036,0.1602943398326219,0.09151094728733068,0.11483923034854299,0.0991201726635201
2024-10-22,0.5824507449178254,0.9552071875589335,0.14922291811944288,0.15363542376275974,0.1294669269436833,0.08514130207218212,0.06498417401975738
2024-10-23,0.6145970486605215,0.9552932259287641,0.14943694557835788,0.15425102167752647,0.08986275385114675,0.12255835402466665,0.09848797352882378
2024-10-24,0.5915046974486523,0.9555770426048867,0.15058489668765726,0.1572062179277541,0.11296375327801604,0.10443629410516402,0.06631353545006091
2024-10-25,0.5233370544072037,0.9560386350649432,0.14955355026212763,0.15828587165327201,0.08933064411630441,0.08491429766561073,0.0412526907098889
2024-10-28,0.5816097592486577,0.9549789617037515,0.1474828401749311,0.1544007980077457,0.06667307186698108,0.10828107912231516,0.10477197007668457
2024-10-29,0.5387760637307166,0.9545837066657505,0.14962661144902528,0.15553951839845093,0.06143410101691394,0.10061963690209069,0.0715561959642358
2024-10-30,0.5172070537980693,0.9550983302494395,0.14750127493930978,0.15542282539492194,0.08302587059806152,0.07490377456129464,0.05635330830448137
2024-10-31,0.5971870602035974,0.9540769453940396,0.15014817229875754,0.15715976139876622,0.08924751268725349,0.08053310909152839,0.12009850472729172
2024-11-01,0.5014393098331371,0.9537159397285605,0.15029161422914117,0.1584019545039982,0.08000199851371338,0.052066382011427985,0.060677360574856454
2024-11-04,0.5205044559362354,0.951776721595823,0.15038571821540303,0.1574803268488207,0.0446660571709536,0.05375914710955936,0.11421320659149879
2024-11-05,0.5061074310842062,0.9502608478369924,0.14994667236734904,0.15842669043203614,0.07951263997124232,0.04010549720004946,0.07811593111352914
2024-11-06,0.5180362458068367,0.9490854474533792,0.14727016182006245,0.15015976580705961,0.08160640225347168,0.0767239679306144,0.06227594799562857
2024-11-07,0.5573656527117989,0.9466668762624616,0.15136731260343617,0.14291936672602837,0.0658939778437808,0.09441821862985184,0.10276677690870188
2024-11-08,0.5503103809484023,0.946498082075394,0.1510422136225301,0.141204595761589,0.07512362730173208,0.09082406792828454,0.09211587633426671
2024-11-11,0.4816974408578357,0.9467949080005954,0.14065247189720134,0.14373390414371248,0.08727411330441184,0.04552567641619662,0.06451127509631355
2024-11-12,0.5685406827447194,0.9454172491521388,0.14064632462452292,0.15722214411096988,0.09905789130223985,0.10531104476119887,0.0663032779457878
2024-11-13,0.5526452798460088,0.9460723023963392,0.1355788653827825,0.1465046347542888,0.11551517980965278,0.0967427215258829,0.05830387837340171
2024-11-14,0.5513859914041517,0.9469800880138017,0.1349135936414414,0.14097824302399697,0.08778828532453409,0.09902279975451408,0.08868306965966523
2024-11-15,0.5546710358374521,0.9493695626867441,0.13724744229077657,0.1452211499038936,0.09339205041863302,0.06797585740182253,0.11083453582232648
2024-11-18,0.5026583548616206,0.9509078113320626,0.13836831774343716,0.14565611514262253,0.07617245774764976,0.0624953585190416,0.07996610570886953
2024-11-19,0.5289839497915756,0.95013617231091,0.1326699327216284,0.1503260064748075,0.09406597485450796,0.0616466303924559,0.09027540534817571
2024-11-20,0.514060562050909,0.9505779175955946,0.1330310093600974,0.1534896417072992,0.08013795987708794,0.07544744416821729,0.07195450693820724
2024-11-21,0.5423761690385924,0.9507053754310989,0.1345460205859445,0.14921832401779456,0.0912277914061968,0.07735398067812092,0.09003005235053559
2024-11-22,0.537617576000479,0.9523539913343056,0.1309799190181565,0.1442778802619846,0.07498850325466974,0.10848336804175557,0.07888790542391258
2024-11-25,0.5440335007813315,0.9536104333717671,0.13145307076295332,0.14837277294036313,0.06707810922405082,0.09671261717975088,0.1004169306742134
2024-11-26,0.5592407180603572,0.9544468445663685,0.12725957927551582,0.15090781605427311,0.1052146127868438,0.0738506377370513,0.10200807220667332
2024-11-27,0.5348767287679072,0.9554952816043351,0.12238364761756315,0.14776320732841844,0.10623301871065523,0.0989100627466535,0.0595867923646168
2024-11-28,0.4971473784551279,0.9550884993515718,0.11761877267605186,0.148602746040843,0.07851278687583,0.0726970248850278,0.07971604797737529
2024-11-29,0.5536650332343168,0.9545084962093876,0.16444603068552288,0.14430364667102555,0.1171465020544645,0.07896616220608897,0.0488026916172149
2024-12-02,0.5400328570268024,0.953617531179142,0.16529370540438462,0.15107704509704206,0.08119515147362566,0.09461087317210387,0.04785608187964619
2024-12-03,0.5370684797784236,0.953509276773436,0.16347303401270563,0.14755618624294436,0.06356728511822908,0.11552227878178953,0.04694969562275502
2024-12-04,0.6216215266754304,0.9517674074238022,0.16127586305323013,0.13729432207877212,0.11790924312441856,0.09592616389783205,0.10921593452117753
2024-12-05,0.6623259468790261,0.953689288589981,0.16230239756476217,0.13857280581716894,0.11754658528132683,0.11254034229660252,0.13136381591916593
2024-12-06,0.5801287642109941,0.9553469016441419,0.16248419744498796,0.13089004794179585,0.11414013376073844,0.09067019412979574,0.08194419093367603
2024-12-09,0.6434183875435174,0.955348424216992,0.16439013829833599,0.13931537650786371,0.1349022184327406,0.09387990814352805,0.11093074616104917
2024-12-10,0.6229913995346834,0.9557083395986242,0.16455240702800464,0.14147493531066252,0.08498529801995118,0.11006950640836652,0.12190925276769854
2024-12-11,0.5183214481707905,0.9538276263189293,0.16512984312859996,0.12747743499254563,0.08802251795636105,0.05988335123766087,0.0778083008556229
2024-12-12,0.5749048587171274,0.9515149920557147,0.16462957552837984,0.12796752806544576,0.08581116831242615,0.09110568742832671,0.10539089938254902
2024-12-13,0.5901550963538946,0.9506557234518597,0.16418148714732908,0.13453899372316086,0.10180250266886058,0.07864742363045309,0.11098468918409114
2024-12-16,0.5959153632406872,0.9501328816316613,0.16389168761373438,0.1339662425229734,0.11012563793400044,0.082095471032321,0.10583632413765803
2024-12-17,0.599276909425978,0.9511935614534978,0.16317588235328248,0.1319188130897712,0.1284236136513594,0.0767945248039622,0.09896407552760277
2024-12-18,0.5274930060780628,0.9515853944874142,0.16673973998944824,0.12847651625310394,0.09101252434415061,0.07622673553741702,0.06503748995394297
2024-12-19,0.5771225805525992,0.9490836636332022,0.16540460699539275,0.1289358803927941,0.14398172114960392,0.06765646274088656,0.07114390927392195
2024-12-20,0.6364794549872403,0.9472604388677287,0.16329676017016384,0.12779314057165686,0.14201447839402803,0.10233396237216726,0.10104111347922441
2024-12-23,0.5452772863386883,0.948113572905441,0.16374244907395807,0.13646863080875168,0.09794685099621567,0.07475415152251824,0.0723652039372447
2024-12-24,0.5827718732810847,0.9462840254010111,0.1631284377646678,0.1362052912152007,0.12676728781225094,0.06169473803401868,0.09497611845494665
2024-12-25,0.5827882711917955,0.9466334043488832,0.16318866666045845,0.13625557977557157,0.12303749654424333,0.0708608522100529,0.0894456760014693
2024-12-26,0.6142152586272738,0.9474332531861994,0.163227083304835,0.13298879364933847,0.13229251724279742,0.08713401887570718,0.09857284555459568
2024-12-27,0.599343709938718,0.9487699579801042,0.15100632612050793,0.13407289904894706,0.1378580180414136,0.09612210072974285,0.08028436599810648
2024-12-30,0.617874719109653,0.9487758664387302,0.14124558305618057,0.14044871093738687,0.12590579476940214,0.10050549598285344,0.10976913436383001
2024-12-31,0.5253983710194634,0.9494250586151373,0.13466385870751188,0.14024578031196833,0.11094069188857196,0.05701534210266233,0.08253269800874895
2025-01-01,0.5276112608359435,0.9494610352281052,0.13466896153209137,0.14025109465259258,0.10665861498100503,0.07366422100089973,0.07236836866935481
2025-01-02,0.5264653638268196,0.9500914343407457,0.14403485891737922,0.13824952524895265,0.10443524742832137,0.07710453320161645,0.06264119903054996
2025-01-03,0.5117321466914316,0.9497756619711389,0.15864494259276457,0.1300270302583061,0.07877404440495538,0.06770579259615785,0.07658033683924775
2025-01-06,0.49742257594365585,0.9477795630852812,0.15741598622581787,0.13313690870426317,0.08129510793077951,0.06666795876820351,0.05890661431459177
2025-01-07,0.5470256312735592,0.9461447499329307,0.15704512857154476,0.14005922282471733,0.09794212319515694,0.09357148078076861,0.058407675901371484
2025-01-08,0.5060141344341575,0.9456120522827838,0.1566588785829116,0.13581073884754316,0.08458388121206634,0.06333863405316704,0.06562200173846931
2025-01-09,0.495142494861231,0.9426808442041223,0.1566681130052626,0.13558769097739085,0.09204127927662299,0.0754144675363298,0.03543094406562477
2025-01-10,0.5094294562694157,0.9416486650429233,0.15412391273510948,0.1271349273748241,0.09342341086252626,0.10558328338749001,0.029163921909465873
2025-01-13,0.5051327022044102,0.9404591455232615,0.14840001004949738,0.13536687543437184,0.10821451165286035,0.09389781074988157,0.01925349431779906
2025-01-14,0.5240740261480235,0.9386621096389474,0.1479193518706625,0.1352067626692531,0.07262928869332329,0.11687698289047682,0.05144164002430768
2025-01-15,0.44169868537149776,0.9372198659308343,0.14533057658581022,0.11935408896316034,0.07920860809179232,0.06927063366039972,0.028534778070335116
2025-01-16,0.4513633940196197,0.9352265233928384,0.1478688865332929,0.12224220699465448,0.05567175210117999,0.08444040001237178,0.041140148378120675
2025-01-17,0.4883668193038295,0.9331382053899651,0.14832244020581706,0.1252021655105906,0.07553276182211688,0.08297827401210504,0.056331177753200005
2025-01-20,0.4666377281743054,0.9306374289908415,0.1461662565638109,0.11968827826916335,0.06585297922727845,0.10561879902772701,0.02931141508632572
2025-01-21,0.4313082518335588,0.929459524596074,0.14588367341429195,0.1240255176652609,0.056304267264245124,0.08060194932455195,0.02449284416520888
2025-01-22,0.42140386165442645,0.9276338761863672,0.1458892962233258,0.11219256959230398,0.031943717731142095,0.07586632961146249,0.055511948496192065
2025-01-23,0.42991910929809146,0.9233324726187871,0.14346793275336536,0.10944276762064158,0.07367272222470114,0.0881164532924386,0.015219233406944841
2025-01-24,0.4493005709441428,0.9199458164752707,0.1437143700698376,0.10691653741082677,0.03476960566205748,0.11300121840168682,0.05089883939973415
2025-01-27,0.454151902777922,0.9178435972755583,0.14338596039328408,0.1171756235471999,0.05270975828973548,0.10204686294118807,0.03883369760651444
2025-01-28,0.44969077793268514,0.9177854424274321,0.14337687541543506,0.11350669303721946,0.05270641858349663,0.1020403972210657,0.03806039367546832
2025-01-29,0.44625076037318834,0.9176464793943477,0.1433551665447548,0.11011757752732175,0.052698438239234466,0.10202494715785979,0.038054630904017575
2025-01-30,0.4464928522022003,0.9175500360789551,0.14343643083690966,0.10981701219212693,0.05211491543503567,0.10201422448373897,0.03911026925438907
2025-01-31,0.40259701165711775,0.9176206116377232,0.14354380171550737,0.11155954522587755,0.060596678710774586,0.07938261249233429,0.007514373512623878
2025-02-03,0.49062600230996506,0.9152394578931484,0.13625297126430283,0.11530575847472739,0.07984923774374872,0.13730994071698788,0.0219080941101982
2025-02-04,0.4491433327500527,0.9131462634886341,0.13220248791084793,0.10900234137391887,0.040168848756087956,0.14418603467579066,0.02358362003340725
2025-02-05,0.4433393910925447,0.9114629182293305,0.12784403766450242,0.11731795671907184,0.04124309897709623,0.09167259587020458,0.06526170186166966
2025-02-06,0.4316369391128977,0.9101930141798427,0.10874537009308777,0.1162944775072828,0.039847820148345876,0.092118222117519,0.07463104924666218
2025-02-07,0.4100831998441736,0.9090161690751112,0.09409868164914012,0.11079976612033639,0.0673769464952261,0.1014471588164665,0.036360646763004455
2025-02-10,0.42941763665621574,0.9095403578275416,0.0961582299561506,0.10437035287196884,0.055288594979752935,0.1167840270470429,0.05681643180130051
2025-02-11,0.42404126590308233,0.9107086939632151,0.09580368623109099,0.10106237160305707,0.03642834775852861,0.1348135704449484,0.055933289865457314
2025-02-12,0.4007829921383603,0.9113053234943617,0.09213512089502052,0.09787562686978815,0.04305379481075726,0.11557552029198837,0.05214292927080601
2025-02-13,0.40159019174477445,0.9122696342401564,0.09338193106395302,0.09730876098561671,0.031606192052414876,0.10707794761999946,0.07221536002279035
2025-02-14,0.36844032644497887,0.912478967599694,0.09254117403688238,0.10058823264878519,0.04368403246461528,0.10384537542026967,0.027781511874426384
2025-02-17,0.3520465959413632,0.9129441400330749,0.08894615873498095,0.09843502696209638,0.0410225818303576,0.08980878311926419,0.0338340452946641
2025-02-18,0.3835377859405743,0.9135277347046686,0.08315260325343285,0.09648387413258759,0.04632376859447297,0.09734704994490696,0.060230490015173964
2025-02-19,0.4083683989301559,0.9154410449069744,0.08486450841499826,0.0968781704216515,0.038443718421290275,0.12177047809943693,0.06641152357277894
2025-02-20,0.4092022479723584,0.9170944498674619,0.08906166573516036,0.09714942781273168,0.07827798296506527,0.0954163359389664,0.049296835520434706
2025-02-21,0.41710443162097105,0.9194445061767528,0.09141353777946301,0.10569991960772121,0.06013794512841124,0.10106649847423206,0.05878653063114358
2025-02-24,0.40964504789234696,0.922209662296054,0.092947115569996,0.10195136739083938,0.07397041280778849,0.09362485495436057,0.047151297169362553
2025-02-25,0.45593162486654376,0.9241857260808318,0.1052746995063205,0.1151714915336428,0.07907730884576149,0.08955626510998509,0.06685185987083395
2025-02-26,0.4595998426088333,0.9266910459037121,0.12083467496193287,0.11752680141225035,0.053607009584561216,0.11742951101373027,0.050201845636358586
2025-02-27,0.47118292034577863,0.9291961317377929,0.11930780778113606,0.11550322519449313,0.08087176831607669,0.11355215720134289,0.041947961852729775
2025-02-28,0.5337358921350377,0.9319586384209408,0.12034741472522388,0.13169725221150516,0.12161937927110023,0.13570883270234596,0.024363013224862392
2025-03-03,0.5091954289627856,0.9316339725068251,0.12050110804497731,0.1325316569812859,0.09174516180697134,0.11101360197325424,0.05340390015629676
2025-03-04,0.5497445450212438,0.9330571616762912,0.12097906505724094,0.13557491986981493,0.08032618084772271,0.1410606102691716,0.0718037689772936
2025-03-05,0.4667453687355508,0.9341772719491743,0.11926084647666102,0.12445889323921284,0.0521766203335392,0.09562444516015171,0.07522456352598603
2025-03-06,0.40089881903742797,0.9343188772526303,0.11692473508505362,0.12624340105240267,0.05483299237629611,0.07160659111752445,0.031291099406151095
2025-03-07,0.46374673399956545,0.9332743801702642,0.11943952434934932,0.12365273152492111,0.07789534196696694,0.06760727793359396,0.07515185822473415
2025-03-10,0.46222794650045995,0.9335710751520103,0.11908544423198876,0.12967081705260997,0.05900365220383311,0.1125185925747515,0.04194944043727669
2025-03-11,0.5194753619604937,0.934290563193675,0.12123707465694304,0.13379237041429637,0.09504751241308883,0.11613648575551827,0.05326191872064731
2025-03-12,0.4839935402907517,0.9373807383630355,0.12173648014226508,0.12350790830925037,0.05845712951051372,0.11888251253989994,0.0614095097888225
2025-03-13,0.4660608219736316,0.9395194347722412,0.12132376952964377,0.12595971844663015,0.08463072703775151,0.0769370245797741,0.05720958237983202
2025-03-14,0.47655851761907836,0.9413562588804895,0.11928787448490824,0.11701478325611545,0.08538916615986805,0.09112130925856288,0.0637453844596237
2025-03-17,0.46825029362502374,0.9441329480902519,0.11963973420944193,0.1166660871288427,0.06026591416681084,0.10774514588704505,0.06393341223288322
2025-03-18,0.42746328264824496,0.9453419473472332,0.12028918007189995,0.11354028218007717,0.08148301719391901,0.07384088281641381,0.03830992038593513
2025-03-19,0.4334749734126265,0.9456823457982746,0.11924036717099508,0.10375202638941701,0.06711614338683819,0.08766798019316291,0.05569845627221335
2025-03-20,0.4687236555289916,0.9470922399053127,0.11971643641427787,0.11176185592163482,0.06323891491651223,0.11842381708422335,0.055582631192343294
2025-03-21,0.49266935988237653,0.9491657873947481,0.11948029176759088,0.10881774696431129,0.06576896794546287,0.12346628982489166,0.0751360633801197
2025-03-24,0.48117583811760617,0.951463537070832,0.11917018369821551,0.10888139164380127,0.0847077248751775,0.12816039034770368,0.04025614755270818
2025-03-25,0.4602423284132584,0.9530017778557143,0.11616116158430284,0.10555557749477991,0.08884677991977684,0.09965246936947943,0.0500263400449194
2025-03-26,0.4211287261597132,0.9548324486244388,0.073479494471571,0.10124732526096414,0.05934496688563442,0.1076629973567084,0.07939394218483524
2025-03-27,0.3940856812081665,0.9546455019094062,0.07166105342417067,0.10052592529292752,0.10744146751148384,0.08168357837860013,0.032773656600984344
2025-03-28,0.44243051855830895,0.9529965376001566,0.07103701225156024,0.11005734292495246,0.11075770783447492,0.10625536198754502,0.04432309355977632
2025-03-31,0.4483708697904064,0.9524381210422881,0.07409518610943155,0.1212921197715796,0.12259203531735913,0.09719368542289808,0.03319784316913802
2025-04-01,0.44922040314825795,0.9502163757466481,0.07581778956088742,0.1224058260410643,0.08050652128373177,0.10355113890026467,0.06693912736230981
2025-04-02,0.46353302535974844,0.9474575250110737,0.07569713139458553,0.12543243454477315,0.11767372725334387,0.09409919356015495,0.05063053860689099
2025-04-03,0.4840516973372314,0.946927996947449,0.07674838988382476,0.13182430697662126,0.11899977032504952,0.07585365476859882,0.08062557538313714
2025-04-04,0.4845489652005928,0.9455703531111749,0.10900118086257954,0.13640038479524982,0.12220442043883009,0.07326308877648789,0.043679890327445355
2025-04-07,0.5601263515480964,0.9437826814957754,0.11483927851481406,0.14278119097484648,0.15467136648975388,0.08719462044265434,0.060639895126027785
2025-04-08,0.6235482878416058,0.9424464363204211,0.11220307178869898,0.13852231085024566,0.11813974225370949,0.1637531603265404,0.09093000262241126
2025-04-09,0.5875495406370924,0.9442229415502453,0.11122500161883206,0.13164599122086362,0.14671390587867333,0.14740782300107244,0.050556818917650945
2025-04-10,0.6022744871352426,0.9457079607588502,0.10663415746509243,0.13334234029387254,0.10335768893962868,0.16213554854794782,0.09680475188870122
2025-04-11,0.5678561536551048,0.9421407182659594,0.109891689028187,0.13580674080621127,0.14995121563162148,0.10731996633265785,0.06488654185642724
2025-04-14,0.5362965430302544,0.9384943179061498,0.10552518787165213,0.13409876815435906,0.1167575608103714,0.11330902525901025,0.06660600093486166
2025-04-15,0.5343069073320389,0.9363888302369218,0.10833600954552106,0.1347810064309522,0.11905164025374408,0.11079372301070982,0.061344528091111745
2025-04-16,0.5736573613578417,0.9338722213183117,0.10912333672727362,0.1367718371379575,0.1563807026774496,0.12373194155419523,0.047649543260965835
2025-04-17,0.6039145740085408,0.9329040411014191,0.10528838259149877,0.13143907854678263,0.11978389945060743,0.1554350355094963,0.09196817791015567
2025-04-18,0.5452886882097358,0.9344862819715242,0.10791967560826002,0.1354882472863701,0.1267565644417018,0.11655324965692085,0.058570951216482946
2025-04-21,0.5798008666395567,0.9330297777904674,0.10863307334064343,0.13899939681728854,0.13233839682886317,0.14673791150972393,0.053092088143037626
2025-04-22,0.575051784824294,0.9326354930106249,0.10839133761288838,0.13502407820069837,0.14168226334765086,0.12601594535482147,0.06393816030823497
2025-04-23,0.5940691022569706,0.9328236397951933,0.10792353291908695,0.1364223968750346,0.11282024493900922,0.15365882318516103,0.0832441043386787
2025-04-24,0.6008566111328497,0.9330223705641333,0.10686901903259523,0.12890891754985823,0.14085944030144085,0.15496497535248915,0.06925425889646639
2025-04-25,0.5826660705970595,0.9355856915773753,0.10775196888822897,0.13024531517392127,0.11600280333363573,0.15558716382767063,0.07307881937360287
2025-04-28,0.6132789205560394,0.9370358867976057,0.10850924757351804,0.13398875357672851,0.12277383587647371,0.15966501252204876,0.08834207100727035
2025-04-29,0.6170921635277068,0.9402980095346994,0.10868956519660937,0.13396161668646586,0.10868956519660936,0.1618003609057609,0.10395105554226128
2025-04-30,0.5711675300659572,0.9427084948671361,0.10857230644296573,0.13677933227363595,0.13153381518933588,0.1373731643963869,0.0569089117636329
2025-05-01,0.5870582632397401,0.9431151892998016,0.11000535173880104,0.1319866191429539,0.12159007374909782,0.1453536060779117,0.07812261253097572
2025-05-02,0.5049428819851971,0.945279274942807,0.08822606566132866,0.12444936596097428,0.1121433680509577,0.11899106043637014,0.06113302187556632
2025-05-05,0.5201825147735817,0.9442993049777711,0.08684579434756196,0.12719538144739953,0.10389770830621567,0.1461309370642766,0.056112693608127935
2025-05-06,0.5183933763215524,0.9442908604824604,0.08466397846215445,0.12838390176638176,0.1033019503015983,0.14612963027308626,0.05591391551833153
2025-05-07,0.48741541976145575,0.9447765309784015,0.08718725152021156,0.11684480351627896,0.08391400999556198,0.14074938555993197,0.05871996916947127
2025-05-08,0.4321909805988849,0.9448288019748401,0.08391865264784407,0.11357784548673933,0.07429677403455698,0.11655368423311677,0.04384402419662776
2025-05-09,0.46611064216329934,0.9414130336313455,0.08015600737795499,0.10951030354472768,0.08569082416360911,0.1495388892266904,0.04121461785031719
2025-05-12,0.4484667240611037,0.940062840378964,0.07895540916568727,0.10885977038719134,0.058821779828437025,0.169161964137485,0.032667800542303116
2025-05-13,0.36901414031737584,0.937046037462811,0.07378315255612686,0.10270614835812861,0.03344836249211085,0.12011897236137455,0.03895750454963499
2025-05-14,0.40945270470662776,0.9341406017558392,0.07531968316519523,0.10072046173262436,0.014122440593474108,0.17084230217938817,0.048447817035945896
2025-05-15,0.3900970565086351,0.9291509035370713,0.07296639116490598,0.09608542152063154,0.05140813922982012,0.14817640130948154,0.021460703283795877
2025-05-16,0.3484848079637922,0.9264074227895953,0.07712767309943824,0.09803870678970207,0.02956722903181491,0.11253053944016399,0.031220659602672975
2025-05-19,0.36545067449420243,0.9233203380788535,0.07124834104860446,0.09742120102564283,0.05350895817527845,0.1197166002653422,0.023555573979334533
2025-05-20,0.3799396811066115,0.9201437738470566,0.07457753211652786,0.09631321181370243,0.04095968085156452,0.15669009986140958,0.011399156463407107
2025-05-21,0.336203951759455,0.9170511570758328,0.07346037090276752,0.08915373978501012,0.0187742756566706,0.12044419921279444,0.034371366202212324
2025-05-22,0.36539031409806716,0.9137156056140953,0.07367281733455383,0.08470455430522271,0.05909173890375672,0.12038982520164723,0.027531378352886656
2025-05-23,0.3289893163600815,0.9104076810952282,0.07254587191089537,0.08535370700451853,0.042533482213897814,0.11641748614950008,0.012138769081269712
2025-05-26,0.3306099600457881,0.9075100488288563,0.0730771871340402,0.08479621453623962,0.01648285967951624,0.1294809612974715,0.0267727373985206
2025-05-27,0.35682674338721465,0.9060983019896611,0.07068042397672633,0.09189406401280975,0.05194012313767507,0.11529565795396005,0.027016474306043443
2025-05-28,0.3862367740182429,0.904797164909927,0.07019896114104317,0.0812180132281352,0.027547630217730067,0.15426672921928838,0.053005440212046125
2025-05-29,0.36365796548862345,0.9027474905601088,0.0789489406442594,0.07098770293223325,0.03156062092981799,0.16159417022624525,0.020566530756067573
2025-05-30,0.4153056197657435,0.9017064117320961,0.07904722874501842,0.06674047456914728,0.07895256140520403,0.1629224918205709,0.02764286322580285
2025-06-02,0.40724190842641605,0.9018784417023046,0.08019853439599499,0.07072999432562957,0.06059865645033859,0.12015577349293698,0.07555894976151592
2025-06-03,0.41465542199517574,0.9015277093138663,0.08016734590959003,0.07666534850858077,0.06625400488395869,0.1404584903539924,0.051110232339053846
2025-06-04,0.38205321597717357,0.9036644852700713,0.07475985452942953,0.06830849652435186,0.05123137239326389,0.14088627408147572,0.04686721844865252
2025-06-05,0.4240404958691346,0.9003534826467914,0.07647096771246766,0.06512793171061831,0.06380457751040255,0.12222121291992666,0.09641580601571942
2025-06-06,0.42868842016798037,0.9003874756560114,0.07524497959288035,0.05718996564534247,0.09018054086885409,0.13631062886046916,0.06976230520043428
2025-06-09,0.35201872967246944,0.9032808190006117,0.0732107918392097,0.062115373905028956,0.06571901391783981,0.10061742246295528,0.05035612754743569
2025-06-10,0.413895890546943,0.901522606325093,0.07250040067664267,0.0625623561974684,0.07903111562010003,0.1210548465606083,0.07874717149212362
2025-06-11,0.42574417525419594,0.904172412329145,0.07347290783651007,0.06160712814715121,0.07072004694857881,0.12501785480708497,0.09492623751487089
2025-06-12,0.45079051155688404,0.9066257649027278,0.07148303931149069,0.06577201087115854,0.0775748029811783,0.15115188605412408,0.08480877233893236
2025-06-13,0.42289151749416914,0.9102919105382961,0.06718479927647479,0.08419602868076,0.10818377351489253,0.09566427322297476,0.06766264279906706
2025-06-16,0.4076764016174975,0.9128156383184446,0.06670022931964699,0.07321691839110674,0.0646877224005197,0.13225045468550692,0.07082107682071713
2025-06-17,0.41528479168882126,0.9152215735391073,0.06754863687118033,0.07283338086536939,0.08811109532129778,0.09426061560544508,0.09253106302552866
2025-06-18,0.40829340995122393,0.9169994646982803,0.06450284948533835,0.06950904078867806,0.07056804279515377,0.09376981402793966,0.10994366285411405
2025-06-19,0.4296992171733737,0.9180989330588569,0.0626524206286884,0.07026709944355977,0.0727731962687073,0.14371501408826834,0.08029148674414992
2025-06-20,0.42382895491503075,0.920421978013148,0.06416379983209766,0.06503348989006287,0.061941258572853326,0.14059989270437068,0.09209051391564621
2025-06-23,0.36789389079904994,0.9223978178102,0.060040592865335876,0.07534126007940532,0.07844012938858395,0.09393447593447708,0.0601374325312477
2025-06-24,0.4208050089182708,0.9220537635027669,0.06379353597357727,0.07841087122700696,0.05537162758252837,0.15391763611227294,0.06931133802288517
2025-06-25,0.4160337348567403,0.922206498606109,0.06380410315815496,0.07745566392492256,0.07522881358708104,0.10388740923930238,0.09565774494727936
2025-06-26,0.4455660836844321,0.9238173589669602,0.05227690881713298,0.07962772196450126,0.09747364259966353,0.11367075535005537,0.10251705495307896
2025-06-27,0.42462308874554144,0.9255228650575016,0.045571677030127905,0.07928888796713086,0.10115163281100885,0.11504662175622908,0.08356426918104479
2025-06-30,0.4153370094751853,0.9269177636483458,0.04710007323945401,0.07726747552092247,0.07210982287280045,0.1194045245140704,0.09945511332793801
2025-07-01,0.39168229068772903,0.9289775445220663,0.04778992092554463,0.08641197946945416,0.06866143741139472,0.11459827977043864,0.07422067311089686
2025-07-02,0.3882567296856427,0.9303510315108795,0.042390797656243755,0.07647925014939831,0.08712578688794799,0.11838167456075445,0.0638792204312982
2025-07-03,0.3922956008369126,0.9318243386462823,0.04950163940735107,0.0693609927664267,0.043240562486263186,0.15926614418017299,0.07092626199669867
2025-07-04,0.4115495219514633,0.9326693306180556,0.04651106898095291,0.06883638209181032,0.10849318827557015,0.123474648389435,0.06423423421369497
2025-07-07,0.3748962968200785,0.9340536822420212,0.04246144298276066,0.06913468199271654,0.07315528051995254,0.14974277929486265,0.04040211202978612
2025-07-08,0.35353814363224184,0.9348836252351758,0.043578827255057025,0.06684049856012124,0.05790880198307126,0.1393737268067139,0.045836289027278446
2025-07-09,0.3981388112785062,0.9345175400265576,0.04052028808724078,0.059848367392776915,0.06759922153053001,0.13637578799337693,0.09379514627458155
2025-07-10,0.4015201115089417,0.9359958546555724,0.045301216692516424,0.06151531811174681,0.06122051626776081,0.15005413858887762,0.08342892184804002
2025-07-11,0.3986135998463991,0.936786217255601,0.04278236267781486,0.06540292225459053,0.0916624414154562,0.1194955647207932,0.07927030877774431
2025-07-14,0.3514532048574614,0.9384894242409082,0.040298391025147665,0.05921597312008251,0.061876258102182724,0.1338024816922996,0.05626010091774894
2025-07-15,0.4092351930423496,0.9385902272401588,0.03862754531004119,0.05863109555988395,0.06927337845142591,0.1409117086565278,0.10179146506447079
2025-07-16,0.4631125214223908,0.939141317127586,0.04190394328390805,0.05698936286611494,0.10125964647664368,0.14247340716528734,0.12048616163043677
2025-07-17,0.3840810053227913,0.9392481580743481,0.04003514458563626,0.05058627874983104,0.07839394075266215,0.13361482983629838,0.08145081139836344
2025-07-18,0.4238812692999487,0.9398205516950676,0.040454217973226014,0.05416918455439288,0.08386850067620027,0.1291574910413484,0.1162318750547811
2025-07-21,0.39237313935609863,0.9409250131839975,0.0428725937765727,0.060456284311664735,0.06460524499972016,0.11380006458666302,0.11063895168147794
2025-07-22,0.36120512531914534,0.9420807280024256,0.04203509809984577,0.06616818971481606,0.08397129008651544,0.09485096253588728,0.07417958488208078
2025-07-23,0.32630309232402666,0.941544063734127,0.042505401302433035,0.0647465996583573,0.05387312490657211,0.07107298496848688,0.09410498148817734
2025-07-24,0.3018518828920912,0.9411257559892531,0.0414984585318096,0.05750500682265044,0.053849190237705305,0.06659514535818968,0.08240408194173619
2025-07-25,0.29479226733013864,0.9406687927368743,0.04276216139160805,0.05846466407351493,0.050070244400797416,0.06725411526024268,0.07624108220397555
2025-07-28,0.41089231300755724,0.9396756978144014,0.055246025278327025,0.06254639290439165,0.04459143468893538,0.12252779177800385,0.1259806683578993
2025-07-29,0.35835241255404604,0.9387532259563497,0.05676869901846273,0.06544169470183898,0.04267508103297633,0.11186193296172778,0.08160500483904017
2025-07-30,0.40894969936713904,0.9383873491862198,0.05034288036054156,0.06768211116965177,0.044333260591474966,0.13201459820572542,0.1145768490397453
2025-07-31,0.362777996610435,0.9384737690696342,0.04680052916620223,0.06877214601686141,0.06207228078885771,0.07970869072727918,0.1054243499112345
2025-08-01,0.46069716349912526,0.9372363268537307,0.04319650892270739,0.06445037208285498,0.11118919153225364,0.1283103590779281,0.11355073188338115
2025-08-04,0.4276158084392769,0.9384886118396568,0.05034831292914066,0.07429085704221536,0.07350262513725818,0.13734940943879073,0.09212460389187184
2025-08-05,0.37718508479482654,0.9395104426440174,0.05109358627712348,0.07664037941568522,0.06993311326347595,0.0969594504062015,0.08255855543234045
2025-08-06,0.4210563390934772,0.9377043792063059,0.04764818052869839,0.07009401763725878,0.09273674805378901,0.13270608957166408,0.077871303302067
2025-08-07,0.4210907652819185,0.9390984638984484,0.048902135232927094,0.06605731977028458,0.07305742380564308,0.13438227887596696,0.0986916075970968
2025-08-08,0.43141163252616865,0.9409653766456962,0.04909814091264159,0.0640152823166836,0.10669213719447267,0.10540787998750217,0.10619819211486863
2025-08-11,0.4402362683569396,0.9418801563566594,0.04706928655388662,0.06674741265519635,0.09532519377719893,0.13319817014303628,0.09789620522762131
2025-08-12,0.40786916655932404,0.9445547803252032,0.04640962070259267,0.058904518584059935,0.10283499288159959,0.13327891073565076,0.06644112365542114
2025-08-13,0.39952311261623247,0.9452204788051699,0.04038894854317106,0.05547278190573124,0.0756176383044136,0.1307927129727259,0.09725103089019073
2025-08-14,0.3574756477509404,0.9452958203297352,0.04118611710622995,0.057660563948721925,0.09239584343590379,0.10341188921612435,0.06282123404396038
2025-08-15,0.3959733186827393,0.9448010672477682,0.04116456093520461,0.05753119359618958,0.09681111198255349,0.12557670878064828,0.07488974338814332
2025-08-18,0.4310455960830126,0.9460159683619113,0.03992634323165233,0.05492355175896452,0.12414907721284928,0.11103893465917238,0.10100768922037417
2025-08-19,0.41661230193913723,0.9457178684390565,0.042296673171132615,0.0506368622471306,0.11735837485511443,0.13523020858939583,0.07109018307636374
2025-08-20,0.4207967148037153,0.9453039406852329,0.042278160496788376,0.04982074312062856,0.1173070087023565,0.1398355120656686,0.07155529041827328
2025-08-21,0.41002913487399034,0.9449618944289276,0.042560488473491864,0.0524813482575226,0.09524025392669509,0.1515907374999897,0.06815630671629118
2025-08-22,0.408687586429686,0.9443836149303151,0.03579238687557416,0.048483316294060275,0.0940913438917448,0.1244305970328132,0.1058899423354936
2025-08-25,0.357868560384383,0.9431925948149551,0.030499036136798552,0.04723389687419777,0.0950619308159955,0.10199352993799517,0.08308016661939606
2025-08-26,0.40085220981374353,0.9397285991818624,0.03166959373620765,0.0468631059959459,0.13743222453126872,0.09441682618551628,0.09047045936480505
2025-08-27,0.40897162834048123,0.9355078674214897,0.032804160390422846,0.04940267268378052,0.11010019101097011,0.13956500573290678,0.077099598522401
2025-08-28,0.3847398528739397,0.9336680506049106,0.032053485831790636,0.05283433903160598,0.10880541062167465,0.1300763782837498,0.06097023910511859
2025-08-29,0.369814625340218,0.9321207479136215,0.04139496864750257,0.05636761688170563,0.11929188364374854,0.08621505290413654,0.0665451032631247
2025-09-01,0.3479072208532021,0.9324187615719609,0.03954826033334092,0.05080580968565332,0.10650620604622506,0.09671703269638819,0.05432991209159459
2025-09-02,0.31976588040420456,0.9317130654175736,0.03462744621079487,0.052038986960855564,0.06338583374179399,0.12090260880379225,0.04881100468696791
2025-09-03,0.30398748360773153,0.9304244156052834,0.031258353070203755,0.051869329625869355,0.07091738852802477,0.08527669446964962,0.06466571791398402
2025-09-04,0.3298436794469496,0.928142111294592,0.03059702078178498,0.05505514885894432,0.06606617863073318,0.09763762682595081,0.0804877043495363
2025-09-05,0.2934302766911133,0.9260846207696666,0.03150146111594457,0.056197051003135684,0.07116996770639329,0.08167045474504148,0.05289134212059828
2025-09-08,0.3086813940977147,0.9248789804280378,0.03184885097956918,0.055638389058820556,0.06554260491222316,0.08059312900317811,0.07505842014392371
2025-09-09,0.2695240053462818,0.9231269870274483,0.03217618474468376,0.057858982808964496,0.05805281524718548,0.0792774672323835,0.04215855531306458
2025-09-10,0.26243945529392554,0.9213917477606487,0.029116946569654096,0.05291352084252755,0.05697635059643277,0.07274399940325543,0.050688637882055645
2025-09-11,0.34351745143102536,0.9198773474502435,0.03119374102114737,0.051184776288569996,0.06779568481995497,0.09338807296423997,0.09995517633711308
2025-09-12,0.3237548226843403,0.9197031571930633,0.030415380001660365,0.05040262971703718,0.06556204133691235,0.09472218343374228,0.08265258819498818
2025-09-15,0.29117764719744665,0.9195845787651455,0.02944601538303091,0.05425790375496188,0.0730840447375554,0.07945596937781785,0.05493371394408062
2025-09-16,0.33134270417425704,0.9190562775945829,0.028464210172220682,0.05490215453557141,0.05963010808960129,0.0911819613991476,0.09716426997771603
2025-09-17,0.3439659772442874,0.9169538016377938,0.033790108595786426,0.05901235489805436,0.10194793448130433,0.06526978241579258,0.08394579685334976
2025-09-18,0.3236150214847894,0.9146685696268898,0.034954263448208706,0.05982556628635721,0.06232229938980068,0.07269334458871976,0.09381954777170304
2025-09-19,0.3395039269172944,0.9119500574978083,0.03303126192511748,0.05150962004554551,0.09593427376512378,0.10129586990369358,0.05773290127781402
2025-09-22,0.34835794605766096,0.9108178523742025,0.03107777449045836,0.052593156830006454,0.0651198905476989,0.11283622738074112,0.08673089680875609
2025-09-23,0.32068278116300003,0.9107046781686269,0.0293528961887421,0.05727161178194305,0.06281711008470216,0.08490349125603579,0.08633767185157694
2025-09-24,0.32205393084336187,0.9099862626173306,0.02751454526339016,0.05330943144781843,0.08579188071709849,0.07623821916731023,0.07919985424774459
2025-09-25,0.3357356394017136,0.9092641357126307,0.03140660374272499,0.053744431328736075,0.07846877895598767,0.0852464958731107,0.08686932950115424
2025-09-26,0.345413721497746,0.9101149923280858,0.03134044278043173,0.04615071299679428,0.1190554625134693,0.0976522332975647,0.05121486990948599
2025-09-29,0.31026404261146245,0.9098722308725921,0.02894396702933286,0.04862204362353275,0.06591200412620354,0.10889809377372758,0.057887934058665706
2025-09-30,0.33215342573215184,0.9099112396027454,0.034390346063725825,0.051394461617456914,0.09122994580793932,0.060660749306849705,0.0944779229361801
2025-10-01,0.33309967108571015,0.911716772152698,0.03436286836774999,0.04852917621852157,0.06930004651323396,0.08940088873392338,0.09150669125228131
2025-10-02,0.3534153610720361,0.9145018511847713,0.03571597781005091,0.04406890810433702,0.07450429779731052,0.09908303521497996,0.10004314214535767
2025-10-03,0.3536390802833419,0.916076214223234,0.03577746474446646,0.042413607398682024,0.10829415403835818,0.08838572607571152,0.07876812802612376
2025-10-06,0.35450118240479045,0.9193094915343393,0.035903740771734825,0.04574831485430728,0.10722864515429407,0.08869768217533416,0.07692279944912006
2025-10-07,0.35110614557472797,0.9228162352647029,0.03604069706230651,0.04844179712675607,0.1029872606914834,0.08903602311897765,0.07460036757520434
2025-10-08,0.33100287081002533,0.9262051540732934,0.03617305168664201,0.047939017423426114,0.09792006195819491,0.08936299596780649,0.05960774377395579
2025-10-09,0.32721342814184623,0.9278677889404836,0.036237986087754324,0.047343175372711294,0.09488117862761482,0.08952341186732857,0.05922767618643718
2025-10-10,0.32179976810983124,0.929394418206835,0.03532186660271646,0.05473913581249706,0.06898497151414514,0.0724000691138553,0.09035372506661726
2025-10-13,0.43194787186620276,0.9283175720951221,0.04492959587777967,0.06179037697725013,0.11441940468657989,0.13508117112061307,0.07572732320398007
2025-10-14,0.4091826480929379,0.9301825114761895,0.04589876959515057,0.06308639395418568,0.11084064572445934,0.12920015356251957,0.06015668525662288
2025-10-15,0.3456525369369172,0.9316186797747978,0.043622249992604716,0.05848902577483771,0.07188868552592931,0.10700166253791382,0.06465091310563165
2025-10-16,0.36156105718793646,0.9317827569575471,0.04030388408047344,0.0628036251933591,0.07845561901101868,0.08853159003113703,0.09146633887194822
2025-10-17,0.3787994955102505,0.9311135986413251,0.0422300340801105,0.0627585228690531,0.10469529282360727,0.08915229416912217,0.07996335156835738
2025-10-20,0.3492171586956473,0.932518485162893,0.04023780550151697,0.06255950782352639,0.083804285910702,0.10925885873404607,0.053356700725855834
2025-10-21,0.4122465291164531,0.9326955320271296,0.04406435584380141,0.06335475162431002,0.10183762239456326,0.11065049356332354,0.09233930569045495
2025-10-22,0.41530865257194904,0.9362875540231511,0.045217036729726996,0.06428683048095968,0.08551917816274454,0.11697450806168505,0.10331109913683276
2025-10-23,0.42603599322052654,0.9384812292843467,0.04029803913672419,0.0604963228116104,0.13409689795863478,0.12306173809723354,0.06808299521632374
2025-10-24,0.4103264355682291,0.9410930168040891,0.04189222458004556,0.054242526637841994,0.08635331198811276,0.12458984715905057,0.10324852520317829
2025-10-27,0.3722816229011714,0.9415779230307108,0.041518396606078596,0.04774615609699038,0.09074735258185748,0.09302097906266654,0.09924873855357837
2025-10-28,0.37680771559803855,0.9412781251170511,0.033006498035600546,0.05415437402248233,0.1403270275765053,0.08538207875077505,0.0639377372126753
2025-10-29,0.3919837948125078,0.9411761143405939,0.032014809558672176,0.05138179311885657,0.09831708491011981,0.10770414326837245,0.1025659639564868
2025-10-30,0.4031537517288175,0.9409555219840691,0.05255520605727295,0.049591566617953046,0.11281587465677764,0.09019342693663572,0.09799767746017812
2025-10-31,0.3768709957031895,0.9406960781113416,0.06844119497439999,0.04582498480248426,0.10132852242963114,0.08108257009232667,0.08019372340434745
2025-11-03,0.4234662984129713,0.9367200400333372,0.06638173512047273,0.045237923193211044,0.08949241327352621,0.11653682387816325,0.105817402947598
2025-11-04,0.4200854521134202,0.9353234996213947,0.06883588170441972,0.04566146218624133,0.1538742177329896,0.10261554405295092,0.04909834643681863
2025-11-05,0.44947727982507035,0.9343673265678293,0.06856931876859977,0.047576709016839615,0.15970078820497913,0.12252228775676839,0.05110817607788338
2025-11-06,0.4222436745328775,0.934666744114724,0.06653060918737878,0.043176206552281216,0.12324844415833003,0.1254072544859441,0.06388116014894335
2025-11-07,0.4526090733563524,0.9341498209575853,0.07129941415602777,0.051684719752718905,0.15897709813881847,0.08561814107044326,0.08502970023834401
2025-11-10,0.42422465644395646,0.935356447367751,0.06844550591236982,0.05027847780076521,0.10546696319926141,0.11293017474781249,0.08710353478374752
2025-11-11,0.4409216524856625,0.9345302047009199,0.06966051919555416,0.0498416109173824,0.12224930551783164,0.08084544762976988,0.11832476922512436
2025-11-12,0.4291543227804426,0.935827592601583,0.07162397007942826,0.0531530422674495,0.11829253768948096,0.11298705842433812,0.07309771431974571
2025-11-13,0.4620605829201922,0.9344218794723632,0.07092777100876838,0.056114363785636945,0.12449148189505817,0.09613999389846888,0.11438697233225992
2025-11-14,0.4703434281571696,0.936850931241539,0.07819385725323082,0.04878509836176414,0.16514149223669755,0.09048848889682058,0.08773449140865648
2025-11-17,0.4351719600391126,0.9365144417922611,0.08032885028286377,0.04906254136003552,0.11110355057482994,0.06184436576244958,0.13283265205893383
2025-11-18,0.4860897207952392,0.9349766943809881,0.08284727874619989,0.04927646200307151,0.16667616032114627,0.08520312553519137,0.10208669418963022
2025-11-19,0.4955748598267467,0.9363916960622419,0.08356251355936019,0.04718824295116811,0.15444318682559394,0.11354670960124826,0.09683420688937622
2025-11-20,0.4602552881021453,0.9379400126600199,0.08379915493686897,0.03879772860766908,0.11393140101287594,0.08527622582294776,0.13845077772178355
2025-11-21,0.4953370548081599,0.9376163448028066,0.0884952329635405,0.04587183377197984,0.17029672194318696,0.1042452188079971,0.08642804732145558
2025-11-24,0.5054785959886327,0.9381690621184188,0.0869714731601642,0.04471692957498816,0.15040253625772448,0.10420817508884905,0.11917948190690676
2025-11-25,0.49157655150668106,0.9413483419986199,0.08687088636396714,0.04763568512790917,0.13579135138121828,0.09635849170064614,0.12492013693294025
2025-11-26,0.45467832281768916,0.9439431178811004,0.08532651175807114,0.04836160016020757,0.11357047906474974,0.09057889866071664,0.1168408331739441
2025-11-27,0.4670321802264243,0.9436744838049831,0.08173558521145524,0.04884320425363326,0.13156952383128795,0.06013757602830708,0.14474629090174074
2025-11-28,0.4952809681967545,0.9435102444148173,0.0869713380153501,0.04437717475042922,0.1679002482186998,0.0904383047927274,0.10559390241954808
2025-12-01,0.4730493276399786,0.943819615787766,0.08491899325250557,0.04736438596814196,0.150515695158175,0.08531534794679964,0.10493490531435636
2025-12-02,0.46479287325083063,0.9443583868844201,0.0879418256342762,0.050762361583708476,0.1155042016504304,0.09389053988236704,0.11669394450004857
2025-12-03,0.4767556059595777,0.9440950409074795,0.0886111250993477,0.045594091214429464,0.12409522217492541,0.08117730587960377,0.1372778615912713
2025-12-04,0.49053593008587276,0.9444824608991182,0.09023401988642497,0.04085320460791987,0.15022476937135584,0.06891499320996192,0.14030894301021024
2025-12-05,0.4599226714726019,0.9453524915357212,0.09071413934526502,0.04029533979669322,0.11493104306544517,0.08872914723705354,0.1252530020281449
2025-12-08,0.46806290505777115,0.9455565579374906,0.0914286183580503,0.044274879248306656,0.11823179637832563,0.07574379566470398,0.1383838154083845
2025-12-09,0.4533853494450808,0.9457940108332008,0.09234524200261175,0.045676141205592914,0.1505326740601714,0.05918039164898559,0.10565090052771926
2025-12-10,0.4879636161239659,0.9466096626437422,0.09093415656892645,0.05277162528754091,0.148873624634155,0.07553000982774218,0.1198541998056014
2025-12-11,0.44626768088614255,0.9469146046871258,0.09106286382083018,0.05318627963334514,0.15458815856047045,0.06919187032674433,0.07823850854475256
2025-12-12,0.42263587122027396,0.9456440388473359,0.07475800118131698,0.049937947668263524,0.11576072958488125,0.06046165035779819,0.12171754242801408
2025-12-15,0.45354339902912166,0.9446754593816714,0.07835103547627513,0.05504408188523126,0.1627519610336297,0.08112803420201652,0.07626828643196908
2025-12-16,0.43423428402008746,0.9440953104979073,0.08603409233723712,0.04995527942162156,0.16215642288446996,0.07641968340093297,0.05966880597582576
2025-12-17,0.40403132256826646,0.9420803788158476,0.08565266226294217,0.044606640508760884,0.11384089407003053,0.05776114868540211,0.10216997704113079
2025-12-18,0.454927126161918,0.9399524678291254,0.0900972811682931,0.04154540566467841,0.15937251816735307,0.09424195346738215,0.0696699676942113
2025-12-19,0.37746781942344504,0.9375178565862615,0.08720638540004493,0.04183150541198544,0.11643922565265591,0.059351524149240505,0.07263917880951824
2025-12-22,0.40355430721768926,0.9356997994762632,0.08723374508503118,0.03782093677673086,0.10373742658760464,0.07259655137143924,0.10216564739688336
2025-12-23,0.4203690305291642,0.9339899733590595,0.08834907779490948,0.025788909500622858,0.1252183932786897,0.0760919915303549,0.1049206584245873
2025-12-24,0.40717197679219114,0.9325109591117144,0.09241893390041558,0.028489311191759473,0.13441864009032906,0.09065670846587379,0.061188383143813294
2025-12-25,0.4032303662618947,0.9297432192313112,0.09077807809817529,0.028404753469429042,0.1271869201741101,0.0740866250285108,0.08277398949166952
2025-12-26,0.38412995130502986,0.9284033966456253,0.08197241538886835,0.02417260287329293,0.10789948137393254,0.057507401996946886,0.11257804967198924
2025-12-29,0.3726763433247112,0.9265837040375552,0.07616955803269353,0.025584410935630138,0.0930961264844032,0.07354302154880756,0.10428322632317684
2025-12-30,0.39618141962905207,0.9219711756576399,0.07249936068950892,0.024295513395282693,0.12438141319895722,0.07937179674952913,0.0956333355957741
2025-12-31,0.4021023845099089,0.9202367161116966,0.0723629711672085,0.024346420205789775,0.11786758988517271,0.10617744367524985,0.08134795957648805
2026-01-01,0.3921100075661941,0.9205934981681039,0.06852501734395651,0.02435585947909315,0.11704343583008649,0.1025459004258644,0.07963979448719347
2026-01-02,0.3822439536460734,0.9208077032065877,0.06921767091820649,0.022234726691602646,0.08719879772098081,0.10285977912984877,0.10073297918543458
2026-01-05,0.4391380596707274,0.9186887806641068,0.08998809788552355,0.02064035685691537,0.09133840160513483,0.1319439634591599,0.10522723986399375
2026-01-06,0.4053912812533976,0.9154461721049337,0.08611441157018591,0.02133638322386303,0.10053088672144471,0.12657665182805228,0.07083294790985158
2026-01-07,0.4250964433160108,0.9140053324119644,0.08597887431402837,0.02255026279441592,0.11236747971174912,0.10066053477166938,0.103539291724148
2026-01-08,0.44968040929137526,0.914043085467424,0.0846389502763536,0.02322293193523534,0.12235222403894655,0.1204329734657866,0.09903332957505319
2026-01-09,0.39949488587883886,0.9153689651180993,0.08283969007158024,0.01873983708115794,0.1084027498848521,0.1151298708883447,0.07438273795290382
2026-01-12,0.42920736697306744,0.9152003963327663,0.08147925838217175,0.02277191537331923,0.10453942584882413,0.1324037948710291,0.08801297249772326
2026-01-13,0.4294814891267245,0.9157849079767294,0.08162744219131164,0.02240187753895832,0.09278030826220934,0.13921853509189547,0.09345332604234972
2026-01-14,0.4114559331209036,0.9154678259697747,0.08015749783294407,0.018165188357825456,0.09832268619076953,0.1412847983386424,0.07352576240072208
2026-01-15,0.4270502816329057,0.9146961845184228,0.07749709405841128,0.019974467861399687,0.08402720855156116,0.13357925382311037,0.11197225733842323
2026-01-16,0.34607448884688247,0.9138784325662753,0.07790753671851083,0.020052555633212767,0.07704402953813326,0.09652091371776096,0.07454945323926468
2026-01-19,0.3972043194125087,0.912975661777062,0.0790766321224227,0.01418586855044674,0.06230280106615123,0.13083588223891757,0.11080313543457049
2026-01-20,0.35706387593620237,0.9118052059764952,0.07820943341551671,0.014742047424711843,0.0838573606756336,0.11592610020341584,0.0643289342169244
2026-01-21,0.38007556594956954,0.9105180497157064,0.07953291520876303,0.011757870878218573,0.06337779180698305,0.12952776455273307,0.09587922350287179
2026-01-22,0.34449182635555775,0.910456339077882,0.08010104064538219,0.012712933658515311,0.058976541859428175,0.10046085169247813,0.09224045849975394
2026-01-23,0.31538190251344483,0.9097554880195522,0.079179768983539,0.011174949301657494,0.05988626677042093,0.09513033764487917,0.07001057981294823
2026-01-26,0.35071105160266686,0.9082443628372487,0.08143209300399062,0.013158815965516046,0.08877433089779303,0.080287848137424,0.08705796359794313
2026-01-27,0.30585711903240864,0.9070015749637894,0.08103499635634488,0.014378712631971888,0.05875275293991162,0.07065566074783537,0.08103499635634488
2026-01-28,0.4030025419654163,0.9051165320020254,0.08229195975997419,0.014253803653575205,0.06623267431027946,0.11688118995931668,0.12334291428227079
2026-01-29,0.34426061734866226,0.9045744497230366,0.0827175166098441,0.014720109155597974,0.07236595597784294,0.08100808457887143,0.09344895102650586
2026-01-30,0.38111957601177526,0.9039252892211549,0.08189895271368576,0.01176763631112055,0.07705903777927327,0.09765240132373423,0.1127415478839614
2026-02-02,0.44172104327067463,0.904232309725591,0.08097744463999257,0.01329055363376197,0.14031027336214424,0.13385486159717414,0.07328791003760171
2026-02-03,0.4557224967778843,0.9024442373824008,0.07655379987453857,0.010800907408041335,0.0928499057884255,0.14088552031366197,0.134632363393217
2026-02-04,0.36726636035995536,0.8990521928626507,0.07267928488233504,0.009061313439875535,0.10193977619859979,0.08655442108714444,0.09703156475200053
2026-02-05,0.4436937607499599,0.8953777693100355,0.07257025069893412,0.011656361511227762,0.15651485416285665,0.11797365884347454,0.0849786355334669
2026-02-06,0.45956430183483865,0.8946147506594804,0.06846972737330828,0.01192819667545974,0.1523427953353992,0.13985106180913034,0.08697252064154111
2026-02-09,0.4453497286275799,0.8947386975696473,0.0645339092105352,0.010802619445722776,0.10539599146174744,0.1307586632038792,0.1338585453056953
2026-02-10,0.4008454884625802,0.8945766817258847,0.069969514738665,0.013806065324273498,0.1322376869154904,0.0917586790599674,0.09307354242418392
2026-02-11,0.3821967102995216,0.8944529890916322,0.06254127986719446,0.01483712044897406,0.11785181116115472,0.09052521590386704,0.09644128291833139
2026-02-12,0.40122994269210094,0.893550433514674,0.06322866059725883,0.01904364703448597,0.10553745277732372,0.09756351190081482,0.11585667038221759
2026-02-13,0.4354875508204226,0.8933919710455577,0.06378021420587711,0.025136907951728033,0.14472480958774758,0.0879791778310481,0.11386644124402176
2026-02-16,0.464397605546358,0.8959666179520072,0.06274117944083873,0.02520934946048693,0.13724045098078516,0.11391239625615548,0.12529422940809176
2026-02-17,0.4647442776885162,0.9017496934168092,0.06314614651013248,0.02376264283964506,0.13755824719523613,0.11464765131000065,0.12562958983350195
2026-02-18,0.46300602497814497,0.9072479711822322,0.06353117026546447,0.019716570082385525,0.13801599057669867,0.11534669743849696,0.12639559661509947
2026-02-19,0.4467126860462525,0.9115120682499046,0.06277710412303807,0.0252639565373202,0.10440521432657703,0.10947714499505419,0.1447892660642631
2026-02-20,0.4475099458526716,0.9143140785599949,0.06412197422342013,0.0255336005141164,0.10722192396341361,0.14139471262140396,0.10923773453031752
2026-02-23,0.47098967246073764,0.915920095996024,0.06183061645411481,0.023270620811657518,0.1228919561871831,0.1057755491438978,0.15722092986388447
2026-02-24,0.44873267806747674,0.9189805974183434,0.06184425857691949,0.018717295107523218,0.10477826024108358,0.09705978803179566,0.16633307611015477
2026-02-25,0.46589070774037644,0.9185694455034331,0.0622023404041695,0.018805358726841942,0.10482782018501123,0.13308407714380452,0.14697111128054932
2026-02-26,0.44321413361177375,0.9201426814847742,0.06201906577566668,0.023860917829578925,0.10114324278368071,0.09486405388115994,0.16132685334168748
2026-02-27,0.5028617840846292,0.9196924910533972,0.06237494480005195,0.03437380858950231,0.15284758145275884,0.09047263665270691,0.16279281258960923
2026-03-02,0.4539652183660185,0.9217690694812034,0.04325782404809428,0.03406432676717939,0.12580575226515114,0.11690257595100198,0.13393473933459168
2026-03-03,0.4654027073359639,0.9241110667865446,0.04026310684686783,0.03453895430719265,0.1423276572153135,0.14339487209559196,0.10487811687099789
2026-03-04,0.5031564890751599,0.9214700170045946,0.03927735715526147,0.026991090261866874,0.15585177925400548,0.1505309550088346,0.13050530739519142
2026-03-05,0.4836325109323888,0.9224268455408495,0.03515390497966703,0.033991792418355725,0.0990700958517889,0.1503967339763716,0.16501998370620555
2026-03-06,0.4609968417785104,0.9217033832788225,0.040158205150730854,0.041609706541721136,0.12792565592594263,0.09337992282037416,0.15792335133974159
2026-03-09,0.5090577302785826,0.9202457545840761,0.03845226355112466,0.052461254040856,0.15351921302195246,0.14202217944762122,0.1226028202170281
2026-03-10,0.5051915635265022,0.9155155332172626,0.03412157630363551,0.045367278916383,0.10380648565613058,0.14869317899077222,0.17320304365958086
2026-03-11,0.4101306732329837,0.9146557392985644,0.04119551833691173,0.0465730218960424,0.11292757474174403,0.09266590954573382,0.11676864871255165
2026-03-12,0.4955621804341358,0.9115932345761187,0.04086617440042024,0.0595287130610337,0.14154817784126822,0.09972495017620114,0.15389416495521252
2026-03-13,0.5286697443584515,0.9096060901398569,0.04029960840304669,0.05557908078334875,0.15403618093392019,0.14639644474376912,0.13235842949436663
2026-03-16,0.51178661425658,0.9120238542177593,0.040693977747249116,0.045577255076919,0.11451764090755279,0.14582806613896562,0.16516967438589344
2026-03-17,0.4864304551716468,0.9143970960153808,0.04060787103564369,0.04310386310875654,0.11078364816816268,0.14063955335039718,0.15129551950868664
2026-03-18,0.4654723789797113,0.9160381011945763,0.04116160706680092,0.05068263300047683,0.10819347651904448,0.10501980120781916,0.16041486118556994
2026-03-19,0.4810725414220188,0.9153447776757347,0.04718470192533185,0.04910668571047774,0.1651945063332901,0.09946266088130035,0.12012398657161878
2026-03-20,0.5428582869952746,0.9161454967452142,0.04607177878645225,0.08541072977530188,0.13225197459576588,0.14764129527600042,0.1314825085617541
2026-03-23,0.5449820777892763,0.9150280787842157,0.04274934331327833,0.07608422450363243,0.17070917543302375,0.0984675885305849,0.15697174600875682
2026-03-24,0.5580705774715335,0.9144369947387504,0.05011402742820239,0.08006723922436933,0.11443662968279167,0.14861401237328986,0.1648386687628803
2026-03-25,0.4650551565771065,0.9152170178506072,0.05563366439217864,0.07273693254728712,0.12097199217573906,0.09166583044928917,0.12404673701261248
2026-03-26,0.5376200384448391,0.913292467663116,0.0560919783289158,0.0892677467080694,0.17191951648503592,0.10393795642486277,0.11640284049795518
2026-03-27,0.5718890262619953,0.9130477665346135,0.0578023940388842,0.08349234694505495,0.15653616826782404,0.1426367534491869,0.13142136356104517
2026-03-30,0.5783653326841874,0.9158653023801968,0.06153845601294762,0.07894230060410937,0.17355767672401634,0.12105768143797038,0.14326921790514366
2026-03-31,0.5609546815189725,0.9197957206865575,0.05919525215547085,0.06904503310140564,0.17362653079206622,0.1318132450117744,0.12727462045825544
2026-04-01,0.5604732830560198,0.9221813821227479,0.07048273450764941,0.0630278298962634,0.11298537248685009,0.1444508789634793,0.1695264672017776
2026-04-02,0.5008145878262544,0.9239316190286795,0.07158651284442683,0.05499939401462062,0.17130322721308644,0.0847786073523429,0.11814684640177761
2026-04-03,0.5560600275113339,0.9235347449076641,0.07252535319589846,0.05827237603039436,0.11518732566407404,0.141754099428347,0.16832087319261996
2026-04-06,0.4784618810942031,0.9249745113501691,0.0728326386889897,0.05661523780757466,0.11895997652534987,0.0889529293854861,0.1411010986868027
2026-04-07,0.5258311484383569,0.9251092886729496,0.07284325107661022,0.05662348717021834,0.12295940781731807,0.10635114657185092,0.16705385580235943
2026-04-08,0.4827588414433009,0.9272591177147489,0.07126022825902324,0.05393192138729355,0.110005543623902,0.10455394146200948,0.1430072067110726
2026-04-09,0.502164184796565,0.9280391657328834,0.0724893584572457,0.0476442154376252,0.1674854935322653,0.08720158040219746,0.12734353696723136
2026-04-10,0.5004740905255565,0.9283380160186804,0.07202538517982204,0.04493058534221645,0.12104942949030986,0.1344019027915759,0.12806678772163216
2026-04-13,0.5222233638380527,0.9294053700593143,0.07181547006442578,0.04527497025800756,0.16148723227802264,0.10557654702406072,0.13806914421353594
2026-04-14,0.5256495097754827,0.9318465625556434,0.07337374508312154,0.04842667175486022,0.11534352727066705,0.14342121372247488,0.14508435194435898
2026-04-15,0.4878057847601353,0.9328147158884336,0.07364584423602123,0.04074025425822451,0.11546336483280455,0.09352630484760674,0.16443001658547823
2026-04-16,0.47878873736045374,0.9316573490006783,0.07238072842629943,0.03667942318900309,0.11434198855451896,0.09350807618316521,0.16187852100746697
2026-04-17,0.5092298008645916,0.9304457804019247,0.07551019299219822,0.03389655493957668,0.15707683095919112,0.1087229557572013,0.13402326621642424
2026-04-20,0.5358633870042464,0.9319150559093384,0.07690133689708559,0.03717876338535944,0.1286580890835465,0.1397138792481402,0.15341131839011474
2026-04-21,0.4910612924884569,0.9339773983531453,0.0734434720594757,0.04451713793725229,0.10854729448576715,0.0986437021252771,0.16590968588068475
2026-04-22,0.4985361819183683,0.9334690648265102,0.07105145112852704,0.04125884265532397,0.12789261203134863,0.09594395952390065,0.162389316579268
2026-04-23,0.5106994626967853,0.9345652991713504,0.07054618898731771,0.03748072905863055,0.11940850069202454,0.13638275756936244,0.14688128638945006
2026-04-24,0.5171071925368049,0.9360406706410236,0.06485951103654337,0.038424346689831,0.1399393086606633,0.12470715076571749,0.14917687538404978
2026-04-27,0.4931143799840275,0.9380695964345639,0.05662887327557736,0.03909854380939863,0.10587137177607941,0.12350018623925915,0.168015404883713
2026-04-28,0.42553983549268437,0.9382562345064394,0.05319247943658555,0.037431744788708345,0.12056962005626058,0.08904815076050618,0.12529784045062373
2026-04-29,0.45951842035106866,0.9380439249558353,0.052688031480459,0.04579427035217464,0.09483845666482621,0.11118651876904338,0.15501114308456537
2026-04-30,0.4554146884555839,0.9393297764269025,0.048815563184390225,0.04072894463667305,0.12613152588451532,0.11745320354062372,0.12228545120938156
2026-05-01,0.42605871339794515,0.9396177923397608,0.04744946541894226,0.03936036736415377,0.10397450426520821,0.10693393038281375,0.1283404459668272
2026-05-04,0.4582260202858699,0.94044448248716,0.04670133755553037,0.048083618159710975,0.07651910487428337,0.13131665739715725,0.15560530229918784
2026-05-05,0.4334553683584832,0.9389725684818174,0.04662824408313908,0.046529664285923145,0.11198664963730653,0.10567754261548647,0.12263326773662794
2026-05-06,0.3783745262034095,0.9400149614208332,0.047173454231932636,0.037699287691628176,0.07697760313997375,0.07934614477504988,0.13717803636482503
2026-05-07,0.38034826391876675,0.9375820946755312,0.04655919483270618,0.03868448957558885,0.08711392690686039,0.0815031994111643,0.126487453192447
2026-05-08,0.3831775466831877,0.9367982885414171,0.04642192044005764,0.03353787048741452,0.10159712672580412,0.08763120998324439,0.11398941904666694
2026-05-11,0.42551547279690843,0.9369012663870901,0.04583684935815056,0.03472190520048744,0.08036202988328112,0.12806776365732195,0.1365269246976673
2026-05-12,0.4248047930140692,0.9351203266602748,0.03946649567637066,0.02670369856709657,0.13901631312870857,0.11928306529052328,0.10033522035137019
2026-05-13,0.4188708811684603,0.9339291065378238,0.04520118825343169,0.020884713878483622,0.08530376091211621,0.13079910006524484,0.13668211805918387
2026-05-14,0.37644959097147807,0.9323147046290505,0.05246411356232768,0.01575881023047529,0.0879948471875608,0.13037723743473967,0.08985458255637464
2026-05-15,0.3956793045049854,0.9305791050395027,0.04572294185390943,0.022275279364725106,0.15915100914533858,0.08128522996250566,0.08724484417850667
2026-05-18,0.4541018884061224,0.9267881909295727,0.04660698618952917,0.025881958927796992,0.12366905938808263,0.11783102353970738,0.1401128603610063
2026-05-19,0.43226088999865225,0.9254405433214571,0.05217444322977664,0.026524437619607124,0.15943810305412193,0.1066807051513869,0.08744320094375974
2026-05-20,0.451501725108983,0.9230637329175924,0.05174971479034062,0.024324304143025274,0.15185730913195458,0.09245173765914785,0.13111865938451472
2026-05-21,0.45369926573894365,0.9228027986682549,0.05192885040274905,0.025383132099851217,0.11102698239095225,0.10918622090279512,0.15617407994259602
2026-05-22,0.3979623326471487,0.920716837129971,0.055871320930301664,0.030835556015166486,0.13561844855573224,0.06979081957037682,0.10584618757557147
2026-05-25,0.4555983997707011,0.9195962614570728,0.05580332169261818,0.030798027024126644,0.14752158399017404,0.09027007920864706,0.13120538785513514
2026-05-26,0.4894868333960701,0.9212333704994203,0.0698299730709272,0.025049810284446184,0.11538387517121351,0.11838211501220901,0.16084105985727418
2026-05-27,0.4438340100919695,0.9216304656913032,0.06908600026284417,0.02457681241843476,0.11669147943556031,0.07276284621520841,0.16071687175992178
2026-05-28,0.48022945464685285,0.9205444869211659,0.06929452988162477,0.02454785298456443,0.1579180778613318,0.06958446515309602,0.1588845287662359
2026-05-29,0.48327905619741324,0.9206466020560721,0.07094536544978025,0.0356659943473691,0.11463379213002642,0.10129529017897781,0.16073861409125967
2026-06-01,0.4458108581804288,0.9205177594122228,0.06967908709041604,0.026673270508952605,0.11452110707648128,0.07412463217524147,0.16081276132933742
2026-06-02,0.46722023370732935,0.9185289424277218,0.0698178429729838,0.03326955224541355,0.14195008958043115,0.11263431021055949,0.10954843869794142
2026-06-03,0.47549626919223625,0.9181232442846239,0.06978700565481026,0.03344763945057895,0.1488275369213081,0.08848683866176218,0.13494724850377676
2026-06-04,0.4692975707776729,0.9197653007525379,0.06440771187421973,0.027327409985613473,0.1684063710774201,0.10110176061815301,0.10805431722226666
2026-06-05,0.4831877210547733,0.917719450258567,0.06339731215434513,0.030735171090024455,0.17342729768665838,0.10925919754259478,0.10636874258115048
2026-06-08,0.5220952165447333,0.91515585895999,0.06312413641330328,0.02459631494947585,0.17611345821245794,0.09934605335061732,0.15891525361887912
2026-06-09,0.455225596980949,0.9138090223906299,0.06140029126824181,0.02292917127048405,0.11714024318519259,0.07675036408530227,0.17700552717172835
2026-06-10,0.4438893553459797,0.9112168339807015,0.0628524367375665,0.025064442047553162,0.176503418235632,0.06074778893204678,0.11872126939318117
2026-06-11,0.4982395652257522,0.9077528421528861,0.07109539320168537,0.0198228442170919,0.14009413941887064,0.10168737874825508,0.16553980963984918
2026-06-12,0.4783067307458972,0.9075441454889781,0.07622418019854936,0.022676693609068432,0.1182427595329997,0.10366488507002714,0.1574982123352526
2026-06-15,0.45001632641447875,0.9085217272356739,0.07773702967948287,0.027470263248700697,0.11875165883552904,0.0671495323857128,0.15890784226505333
2026-06-16,0.438860487928756,0.909320458455819,0.07942830671236131,0.02167094425926204,0.12210192822729582,0.06558563306657718,0.1500736756632596
2026-06-17,0.5147039913284329,0.9093963118908036,0.07953040711863933,0.03303423873115151,0.1258356261492997,0.1019669565458665,0.17433676278347585
2026-06-18,0.48038180845435896,0.9133007436183169,0.07824182748478181,0.025025878644029477,0.1214857787049247,0.08198132659251037,0.1736469970281126
2026-06-19,0.5307467836042316,0.9145012868723418,0.07805664527319832,0.019874201195020976,0.15649733308156613,0.11530877118463861,0.1610098328698076
2026-06-22,0.5336045477921382,0.9180966975650497,0.0772068718897223,0.024868131020659618,0.1369674968230904,0.11585850188694907,0.1787035461717168
2026-06-23,0.4835685815274147,0.9208298158833715,0.07298965994666096,0.021365185229419967,0.18039563637148254,0.0901978181857413,0.11862028179410991
2026-06-24,0.48797486791272116,0.9214830723371665,0.07323492763876485,0.02225103481759038,0.12160674245961348,0.09084226823355376,0.18003989476319865
2026-06-25,0.48710836892024706,0.922040384333337,0.07424724144710443,0.023135711480909982,0.12119627938953684,0.08789634319944042,0.18063279340325536
2026-06-26,0.5072308769702117,0.9221939498265443,0.07474369861061338,0.02217138210081666,0.1824056064538803,0.10407963213265463,0.12383055767224675
2026-06-29,0.44645175274039584,0.9224409858681711,0.06740356180202071,0.020434125776187313,0.16318247361552426,0.07234261589958257,0.12308897564708092
2026-06-30,0.4714893158214286,0.9217848385055639,0.06687173999027242,0.029419694583274696,0.13751771711458338,0.06793626841269354,0.16974389572060467
2026-07-01,0.48933382883511223,0.9222209575889283,0.06729066304717116,0.01907375628819096,0.17911903113275776,0.09962890974897716,0.12422146861801525
2026-07-02,0.48832890676022855,0.9216034945296565,0.07440557346911349,0.014029659496776927,0.18364340499919038,0.0978205913878722,0.11842967740727557
2026-07-03,0.4609272731662034,0.9190563694595115,0.07969979644866737,0.012736529214557013,0.12340924898044256,0.07130526582998206,0.17377643269255438
2026-07-06,0.4386239501164843,0.9162046326446298,0.09147617907034572,0.014620798337216143,0.15909737137997038,0.05011471009006322,0.1233148912388888
