,KWCDC_Curncy,GVSK3M_Index,GVSK3YR_Index,GVSK10YR_Index,USDKRW_Curncy,KWSWNI1_Curncy,MOVE_Index,KOSPI_Index,KOSPI_Index_VOLUME,KOSPFIN_Index,USDKRWV1M_BGN_Curncy,CKREA1U5_CBGN_Curncy,VKOSPI_Index
2024-01-02,3.87,3.331,3.24,3.306,1289.4,3.706,127.0199966430664,2669.81005859375,409900.0,6550.0,,-64.4,
2024-01-03,3.85,3.371,3.278,3.338,1299.3,3.701,124.56999969482422,2607.31005859375,463100.0,6435.0,,-57.2,
2024-01-04,3.84,3.338,3.227,3.288,1308.8,3.663,121.12000274658203,2587.02001953125,770200.0,6335.0,,-70.20000000000005,
2024-01-05,3.81,3.38,3.283,3.344,1310.2,3.651,116.19000244140625,2578.080078125,520500.0,6295.0,,-70.6,
2024-01-08,3.78,3.393,3.297,3.344,1313.7,3.634,117.72000122070312,2567.820068359375,320100.0,6305.0,,-66.6,
2024-01-09,3.76,3.355,3.255,3.323,1314.8,3.59,114.91999816894531,2561.239990234375,790300.0,6345.0,,-69.69999999999996,
2024-01-10,3.73,3.363,3.269,3.346,1312.1,3.589,109.62999725341797,2541.97998046875,570000.0,6305.0,,-69.39999999999999,
2024-01-11,3.7,3.33,3.227,3.307,1320.1,3.556,103.44999694824219,2540.27001953125,788400.0,6405.0,,-67.30000000000001,
2024-01-12,3.69,3.3,3.204,3.306,1316.0,3.536,106.51000213623047,2525.050048828125,790200.0,6380.0,,-65.39999999999999,
2024-01-15,3.68,3.269,3.191,3.293,1314.1,3.516,,2525.989990234375,800000.0,6500.0,,-66.69999999999999,
2024-01-16,3.67,3.303,3.235,3.322,1319.3,3.533,113.44000244140625,2497.590087890625,659600.0,6415.0,,-74.80000000000003,
2024-01-17,3.66,3.336,3.277,3.369,1329.0,3.538,105.86000061035156,2435.89990234375,965600.0,6330.0,,-73.09999999999994,
2024-01-18,3.65,3.346,3.285,3.38,1343.2,3.54,107.22000122070312,2440.0400390625,570000.0,,,-75.99999999999997,
2024-01-19,3.65,3.36,3.307,3.422,1342.4,3.544,104.97000122070312,2472.739990234375,518800.0,6270.0,,-72.80000000000003,
2024-01-22,3.65,3.322,3.278,3.372,1336.5,3.523,106.87000274658203,2464.35009765625,386600.0,6270.0,,-73.80000000000004,
2024-01-23,3.66,3.337,3.286,3.372,1334.7,3.53,107.69999694824219,2478.610107421875,472300.0,6465.0,,-76.79999999999998,
2024-01-24,3.66,3.353,3.3,3.4,1336.0,3.543,105.77999877929688,2469.68994140625,395500.0,6535.0,,-77.99999999999999,
2024-01-25,3.66,3.365,3.313,3.419,1339.1,3.555,105.88999938964844,2470.340087890625,357200.0,6540.0,,-72.09999999999997,
2024-01-26,3.66,3.31,3.263,3.386,1335.7,3.534,100.2300033569336,2478.56005859375,292700.0,6630.0,,-76.40000000000002,
2024-01-29,3.66,3.342,3.304,3.436,1336.6,3.571,106.33999633789062,2500.64990234375,421800.0,6715.0,,-64.4,
2024-01-30,3.66,3.312,3.268,3.35,1336.9,3.554,104.26000213623047,2498.81005859375,481800.0,6740.0,6.585801514729865,-70.99999999999996,14.526055728574052
2024-01-31,3.66,3.319,3.261,3.345,1330.6,3.559,107.27999877929688,2497.090087890625,437600.0,6885.0,6.592299436652777,-64.5,12.43516812928646
2024-02-01,3.67,3.32,3.267,3.339,1333.5,3.565,113.91999816894531,2542.4599609375,751100.0,7240.0,6.201265198920066,-53.100000000000016,14.162198507642213
2024-02-02,3.67,3.309,3.248,3.287,1332.5,3.559,106.72000122070312,2615.31005859375,588700.0,7610.0,6.229885133627379,-74.30000000000004,17.553141372234887
2024-02-05,3.67,3.383,3.312,3.374,1325.1,3.607,108.68000030517578,2591.31005859375,511700.0,7420.0,6.585183626425457,-79.59999999999998,17.834536061922204
2024-02-06,3.67,3.373,3.292,3.382,1334.6,3.593,110.5999984741211,2576.199951171875,411600.0,7310.0,7.005950746228063,-70.79999999999997,17.94673292728761
2024-02-07,3.67,3.374,3.286,3.378,1329.6,3.591,107.86000061035156,2609.580078125,518200.0,7470.0,7.120849532388028,-71.19999999999997,18.225288727468644
2024-02-08,3.67,3.394,3.305,3.4,1325.3,3.599,108.5999984741211,2620.320068359375,430000.0,7690.0,6.94619635007607,-75.00000000000004,18.233167955841434
2024-02-09,,,,,,,106.20999908447266,,,,,-77.0,
2024-02-12,,,,,,,109.77999877929688,,,,,-77.0,
2024-02-13,3.67,3.43,3.353,3.453,1327.2,3.618,113.22000122070312,2649.639892578125,559400.0,7675.0,6.845331333107669,-85.69999999999997,18.302329462196084
2024-02-14,3.67,3.493,3.425,3.502,1328.4,3.651,111.97000122070312,2620.419921875,543500.0,7525.0,6.810617625662524,-76.79999999999998,18.913132153447414
2024-02-15,3.68,3.46,3.405,3.477,1336.9,3.626,112.08999633789062,2613.800048828125,621400.0,7445.0,7.024405734655698,-76.30000000000004,18.354318262815074
2024-02-16,3.68,3.465,3.405,3.482,1333.2,3.627,109.19999694824219,2648.760009765625,593800.0,7690.0,6.6568399545477535,-81.79999999999995,15.698574830925338
2024-02-19,3.69,3.453,3.397,3.467,1333.0,3.625,,2680.260009765625,422700.0,7885.0,5.3734299210138845,-83.29999999999997,15.895196138318147
2024-02-20,3.7,3.471,3.405,3.489,1333.8,3.636,111.0199966430664,2657.7900390625,612700.0,7685.0,5.383691530886357,-78.09999999999997,16.201214001358437
2024-02-21,3.7,3.474,3.402,3.474,1337.9,3.633,114.2699966430664,2653.31005859375,562100.0,7665.0,5.284991671804438,-84.60000000000001,16.113675815112227
2024-02-22,3.7,3.419,3.342,3.424,1335.0,3.602,115.58999633789062,2664.27001953125,456400.0,7660.0,5.3218220356356545,-90.60000000000001,16.096621957871378
2024-02-23,3.7,3.45,3.374,3.468,1331.0,3.635,108.30999755859375,2667.699951171875,415400.0,7845.0,5.412909533353822,-79.19999999999999,15.89630437145143
2024-02-26,3.71,3.428,3.34,3.402,1329.3,3.619,110.7699966430664,2647.080078125,530500.0,7585.0,5.342508694110921,-87.80000000000001,16.38522051845845
2024-02-27,3.72,3.448,3.364,3.43,1331.4,3.634,110.80000305175781,2625.050048828125,574300.0,7620.0,5.319886750467289,-87.99999999999994,16.915793426588454
2024-02-28,3.72,3.446,3.359,3.442,1331.3,3.639,108.70999908447266,2652.2900390625,421600.0,7745.0,5.311030055506473,-82.79999999999994,16.99232003275683
2024-02-29,3.72,3.469,3.385,3.475,1334.0,3.66,109.0999984741211,2642.360107421875,496100.0,7805.0,5.368129614642356,-77.49999999999999,17.11320182011286
2024-03-01,,,,,,,106.4800033569336,,,,,-71.50000000000003,
2024-03-04,3.72,3.438,3.36,3.434,1334.1,3.649,109.56999969482422,2674.27001953125,404000.0,8045.0,5.084412787145378,-78.59999999999997,17.361032046726763
2024-03-05,3.71,3.441,3.349,3.409,1330.1,3.648,110.33000183105469,2649.39990234375,457200.0,8000.0,5.140317748436554,-72.10000000000001,17.01520366053412
2024-03-06,3.71,3.42,3.325,3.381,1333.2,3.635,105.33000183105469,2641.489990234375,379000.0,7970.0,5.206345166759991,-72.90000000000005,13.889936078765786
2024-03-07,3.7,3.42,3.321,3.399,1335.7,3.634,105.44999694824219,2647.6201171875,462900.0,8050.0,4.801473042386628,-69.09999999999998,13.415245818440628
2024-03-08,3.7,3.382,3.271,3.334,1329.6,3.611,100.87999725341797,2680.35009765625,454300.0,8095.0,4.398167595907527,-75.59999999999998,13.717851637533935
2024-03-11,3.7,3.345,3.275,3.342,1323.1,3.601,106.62999725341797,2659.840087890625,389800.0,8030.0,4.537364486164163,-75.79999999999995,13.486993932437825
2024-03-12,3.69,3.357,3.273,3.335,1314.4,3.611,101.36000061035156,2681.81005859375,404000.0,8050.0,4.964601181164261,-82.50000000000001,13.693091572738588
2024-03-13,3.69,3.34,3.251,3.331,1311.1,3.606,97.02999877929688,2693.570068359375,497200.0,8255.0,4.967940922083991,-85.90000000000005,13.239957229010098
2024-03-14,3.68,3.363,3.273,3.354,1312.8,3.618,98.66999816894531,2718.760009765625,609300.0,8575.0,4.985679393195213,-93.6,12.782290668524517
2024-03-15,3.67,3.381,3.308,3.41,1316.9,3.615,97.81999969482422,2666.840087890625,582100.0,8370.0,4.4877805066872,-89.99999999999994,14.74207423749459
2024-03-18,3.66,3.413,3.348,3.435,1328.4,3.616,102.87000274658203,2685.840087890625,408200.0,8265.0,5.536077095088919,-90.49999999999999,14.205953222166428
2024-03-19,3.66,3.444,3.383,3.472,1333.0,3.608,99.98999786376953,2656.169921875,695900.0,8120.0,5.684741322886672,-82.79999999999998,14.14956165733523
2024-03-20,3.65,3.429,3.371,3.451,1338.5,3.586,92.72000122070312,2690.139892578125,720500.0,8200.0,5.868416663834363,-81.89999999999995,14.557861439115447
2024-03-21,3.65,3.352,3.306,3.411,1338.7,3.546,90.81999969482422,2754.860107421875,823700.0,8490.0,5.768258434124769,-85.89999999999995,16.718897077571533
2024-03-22,3.65,3.335,3.284,3.362,1326.3,3.549,91.04000091552734,2748.56005859375,509500.0,8450.0,6.615389337453857,-85.79999999999997,16.762113509097077
2024-03-25,3.65,3.313,3.29,3.37,1336.1,3.553,92.23999786376953,2737.570068359375,489600.0,8315.0,7.069399165792372,-87.99999999999999,16.880261918946
2024-03-26,3.65,3.335,3.301,3.397,1340.7,3.568,90.62999725341797,2757.090087890625,448300.0,8290.0,7.136747665317091,-84.30000000000004,16.64296143773317
2024-03-27,3.64,3.331,3.288,3.373,1338.6,3.565,86.27999877929688,2755.110107421875,510600.0,8035.0,7.157257982818548,-82.69999999999999,16.22561892324361
2024-03-28,3.64,3.333,3.293,3.377,1345.8,3.569,86.37999725341797,2745.820068359375,419300.0,8115.0,7.379793444826566,-82.30000000000004,16.07024369842313
2024-03-29,3.64,3.368,3.322,3.413,1346.8,3.572,,2746.6298828125,495500.0,7980.0,7.35977412629971,-78.70000000000003,15.949511245154845
2024-04-01,3.63,3.337,3.291,3.381,1347.4,3.543,94.19999694824219,2747.860107421875,397600.0,7890.0,7.358192502088196,-94.90000000000003,15.501503502582109
2024-04-02,3.63,3.359,3.333,3.425,1347.1,3.552,96.56999969482422,2753.159912109375,630400.0,7850.0,7.247991075578683,-93.50000000000006,14.976750608097428
2024-04-03,3.61,3.369,3.341,3.452,1353.0,3.549,97.87999725341797,2706.969970703125,640800.0,7735.0,7.347014966730627,-90.80000000000004,16.321133558027896
2024-04-04,3.6,3.365,3.338,3.457,1349.1,3.541,96.12999725341797,2742.0,478000.0,7875.0,7.443627792050034,-85.29999999999998,16.83850562647258
2024-04-05,3.59,3.356,3.329,3.433,1346.8,3.523,94.30999755859375,2714.2099609375,621000.0,7840.0,7.251591706419893,-95.69999999999999,16.86157780997594
2024-04-08,3.58,3.416,3.383,3.488,1351.8,3.542,99.37000274658203,2717.64990234375,620700.0,7895.0,7.018818726847903,-93.19999999999999,16.571665522488306
2024-04-09,3.57,3.432,3.391,3.503,1353.6,3.546,98.7300033569336,2705.159912109375,470200.0,7810.0,6.409259117224877,-85.70000000000002,16.465758812037134
2024-04-10,,,,,,,109.58999633789062,,,,,-104.69999999999997,
2024-04-11,3.57,3.494,3.466,3.585,1354.4,3.584,108.86000061035156,2706.9599609375,561300.0,7715.0,6.2457112997215924,-97.49999999999997,16.40170539405648
2024-04-12,3.57,3.445,3.403,3.538,1363.7,3.554,112.81999969482422,2681.820068359375,513700.0,7475.0,6.513100897168429,-96.20000000000002,16.371571784622876
2024-04-15,3.56,3.467,3.44,3.561,1371.6,3.566,121.1500015258789,2670.429931640625,562000.0,7475.0,6.646549085682317,-106.89999999999999,14.935982759116277
2024-04-16,3.55,3.49,3.469,3.618,1383.7,3.574,119.58999633789062,2609.6298828125,570200.0,7290.0,6.658514984544962,-105.2,16.73452101586592
2024-04-17,3.55,3.504,3.475,3.632,1395.3,3.568,113.29000091552734,2584.179931640625,414300.0,7220.0,7.016470177815033,-95.79999999999997,16.641443179932374
2024-04-18,3.55,3.448,3.427,3.562,1386.3,3.543,108.66000366210938,2634.699951171875,478800.0,7335.0,7.628239679306194,-107.79999999999998,17.54994349653781
2024-04-19,3.55,3.485,3.468,3.583,1375.9,3.572,111.26000213623047,2591.860107421875,809500.0,7275.0,8.297563759163602,-103.69999999999999,15.652747755964757
2024-04-22,3.55,3.528,3.512,3.65,1385.0,3.607,108.55999755859375,2629.43994140625,401900.0,7735.0,7.46792626484809,-97.00000000000001,16.842830716463872
2024-04-23,3.55,3.502,3.489,3.625,1380.6,3.6,106.8499984741211,2623.02001953125,430300.0,7790.0,7.431812408183809,-98.50000000000003,16.829344116586476
2024-04-24,3.56,3.509,3.509,3.645,1377.9,3.615,110.20999908447266,2675.75,325100.0,7710.0,7.5057601528183415,-100.50000000000003,18.333829570817628
2024-04-25,3.56,3.533,3.543,3.707,1370.0,3.634,108.55000305175781,2628.6201171875,334100.0,7750.0,7.8600917952005505,-99.30000000000004,19.206615742382073
2024-04-26,3.57,3.522,3.531,3.694,1376.6,3.632,104.4000015258789,2656.330078125,450500.0,8085.0,7.822684646409781,-97.6,19.729352045649424
2024-04-29,3.58,3.54,3.552,3.704,1375.9,3.653,105.41999816894531,2687.43994140625,470500.0,7890.0,7.843769932599762,-92.59999999999997,20.281869185265105
2024-04-30,3.58,3.518,3.529,3.656,1378.7,3.648,107.45999908447266,2692.06005859375,460100.0,7855.0,7.8469821378202145,-103.40000000000002,20.299011062977826
2024-05-01,,,,,,,100.63999938964844,,,,,-97.39999999999998,
2024-05-02,3.58,3.503,3.509,3.638,1378.0,3.644,100.69999694824219,2683.64990234375,351100.0,7630.0,7.854295582710619,-94.20000000000002,20.283283450373073
2024-05-03,3.58,3.507,3.5,3.614,1378.5,3.645,95.95999908447266,2676.6298828125,338600.0,7695.0,7.763862261281858,-88.60000000000001,19.4464892803704
2024-05-06,,,,,,,94.5,,,,,-87.60000000000004,
2024-05-07,3.58,3.473,3.448,3.536,1365.2,3.622,98.04000091552734,2734.360107421875,532200.0,7785.0,8.539024351760808,-93.39999999999998,20.452060971394403
2024-05-08,3.58,3.473,3.439,3.53,1357.8,3.609,95.58000183105469,2745.050048828125,436300.0,7950.0,8.771153220227289,-95.00000000000006,20.139729728880013
2024-05-09,3.58,3.481,3.453,3.556,1364.4,3.625,93.8499984741211,2712.139892578125,423800.0,7835.0,8.837521008137733,-89.4,20.628853612534602
2024-05-10,3.58,3.471,3.44,3.538,1367.9,3.607,94.2300033569336,2727.6298828125,586100.0,8050.0,8.86412054552979,-96.20000000000002,20.65014245347773
2024-05-13,3.59,3.482,3.452,3.554,1367.9,3.613,105.3499984741211,2727.2099609375,625300.0,8150.0,8.866155293430575,-92.60000000000007,20.651288570405526
2024-05-14,3.59,3.478,3.454,3.546,1370.1,3.611,106.55000305175781,2730.340087890625,443300.0,8075.0,8.557308242501973,-90.40000000000003,20.32817656900111
2024-05-15,,,,,,,93.77999877929688,,,,,-81.40000000000005,
2024-05-16,3.59,3.415,3.375,3.458,1369.0,3.574,91.83000183105469,2753.0,521800.0,8260.0,8.307060354700742,-92.19999999999997,20.388468783215583
2024-05-17,3.59,3.421,3.379,3.454,1349.4,3.579,89.3499984741211,2724.6201171875,575900.0,8160.0,9.04536903771797,-96.59999999999998,18.8336643697553
2024-05-20,3.59,3.445,3.412,3.497,1355.2,3.591,88.12999725341797,2742.139892578125,582100.0,8275.0,8.572898670095661,-94.30000000000005,18.338172390664017
2024-05-21,3.59,3.442,3.411,3.491,1356.2,3.589,85.33999633789062,2724.179931640625,560800.0,8245.0,8.393896808378228,-91.9,17.54355748796993
2024-05-22,3.59,3.447,3.409,3.478,1364.4,3.59,82.48999786376953,2723.4599609375,484700.0,8025.0,8.397556947506168,-95.19999999999995,16.23841918519717
2024-05-23,3.59,3.435,3.402,3.472,1363.1,3.581,86.1500015258789,2721.81005859375,427400.0,7950.0,7.977631347698856,-99.79999999999998,15.635614400252967
2024-05-24,3.59,3.456,3.423,3.515,1364.5,3.593,83.56999969482422,2687.60009765625,501600.0,7865.0,7.949944488707366,-94.49999999999999,16.392655929090743
2024-05-27,3.59,3.448,3.413,3.498,1370.0,3.589,,2722.989990234375,556700.0,7880.0,8.094668931323497,-96.19999999999997,15.496118166795933
2024-05-28,3.59,3.424,3.394,3.481,1365.4,3.577,89.66999816894531,2722.85009765625,441000.0,7870.0,7.924332823653875,-105.90000000000002,13.879758519565211
2024-05-29,3.59,3.444,3.425,3.536,1359.5,3.591,93.44999694824219,2677.300048828125,439000.0,7865.0,7.826922052197477,-107.40000000000003,14.93674671985145
2024-05-30,3.59,3.462,3.44,3.564,1364.8,3.603,91.08999633789062,2635.43994140625,371900.0,7840.0,7.98938114666623,-98.59999999999998,15.347159630561752
2024-05-31,3.6,3.462,3.452,3.578,1376.5,3.599,91.13999938964844,2636.52001953125,613700.0,7910.0,8.56889587214688,-93.19999999999999,15.324179975886166
2024-06-03,3.6,3.45,3.434,3.532,1381.6,3.587,93.91999816894531,2682.52001953125,782300.0,7960.0,8.669976032275617,-87.80000000000001,16.629706371085565
2024-06-04,3.6,3.411,3.39,3.47,1377.6,3.57,100.11000061035156,2662.10009765625,773500.0,7770.0,8.73598342142516,-85.99999999999999,16.828563725101404
2024-06-05,3.6,3.379,3.345,3.43,1373.1,3.554,102.43000030517578,2689.5,881500.0,7760.0,8.07137587642013,-85.99999999999999,15.298847604754393
2024-06-06,,,,,,,100.98999786376953,,,,,-85.00000000000001,
2024-06-07,3.59,3.342,3.308,3.385,1371.5,3.536,91.81999969482422,2722.669921875,783900.0,7870.0,7.808369624818204,-104.5,15.92104836713443
2024-06-10,3.59,3.404,3.353,3.433,1366.9,3.57,94.16000366210938,2701.169921875,506900.0,7810.0,7.746005793846282,-103.69999999999999,15.587428963393926
2024-06-11,3.59,3.398,3.341,3.425,1377.9,3.557,97.2699966430664,2705.320068359375,558900.0,7775.0,8.207815693575375,-96.49999999999999,15.44879915648402
2024-06-12,3.59,3.375,3.307,3.382,1377.4,3.542,91.7300033569336,2728.169921875,511000.0,7850.0,8.21103630455883,-92.79999999999995,15.76285428043877
2024-06-13,3.59,3.347,3.277,3.345,1377.8,3.532,91.93000030517578,2754.889892578125,700000.0,7800.0,8.19775353277721,-89.5,16.136042550744197
2024-06-14,3.59,3.325,3.252,3.302,1371.0,3.519,100.16000366210938,2758.419921875,645000.0,7785.0,8.399775102866865,-89.80000000000001,15.876156907885857
2024-06-17,3.59,3.283,3.212,3.283,1377.7,3.496,99.06999969482422,2744.10009765625,594000.0,7700.0,6.606959270881753,-99.70000000000003,15.529338941794911
2024-06-18,3.59,3.279,3.214,3.279,1380.4,3.502,97.98999786376953,2763.919921875,561500.0,7700.0,6.505681845558321,-94.09999999999998,15.572631918555329
2024-06-19,3.59,3.243,3.162,3.231,1380.5,3.481,,2797.330078125,645700.0,7785.0,6.512567276459154,-98.89999999999999,15.865423710544036
2024-06-20,3.59,3.269,3.196,3.269,1380.8,3.498,94.13999938964844,2807.6298828125,758200.0,7970.0,6.2234774297091375,-98.1,15.873239056479877
2024-06-21,3.59,3.246,3.176,3.255,1383.8,3.48,94.08999633789062,2784.260009765625,631100.0,7930.0,6.218607268743361,-99.50000000000001,16.24563453098896
2024-06-24,3.59,3.258,3.194,3.264,1389.1,3.491,95.19999694824219,2764.72998046875,592800.0,7930.0,6.313376668278495,-98.60000000000002,15.733526353521993
2024-06-25,3.59,3.26,3.201,3.271,1389.7,3.49,96.97000122070312,2774.389892578125,714200.0,7955.0,6.205087145022258,-95.90000000000005,15.142582169478116
2024-06-26,3.59,3.27,3.215,3.278,1386.4,3.496,97.91000366210938,2792.050048828125,534300.0,7920.0,6.128718992739368,-104.20000000000003,15.255574591072124
2024-06-27,3.59,3.281,3.22,3.3,1390.1,3.5,95.69000244140625,2784.06005859375,396700.0,7955.0,5.854634352970205,-99.00000000000003,13.807456760526197
2024-06-28,3.59,3.243,3.182,3.266,1389.2,3.482,98.58999633789062,2797.820068359375,610600.0,8095.0,5.790518289865516,-109.40000000000003,12.15633504233135
2024-07-01,3.59,3.263,3.21,3.312,1382.4,3.486,106.2300033569336,2804.31005859375,458800.0,8040.0,5.380250242804379,-116.80000000000005,12.120760310506643
2024-07-02,3.58,3.209,3.169,3.289,1380.8,3.43,107.51000213623047,2780.860107421875,538400.0,8225.0,5.237382990617993,-114.09999999999995,11.521170845230309
2024-07-03,3.55,3.199,3.16,3.274,1387.4,3.411,102.83000183105469,2794.010009765625,339800.0,8365.0,5.385764789820221,-108.60000000000002,11.001250295737181
2024-07-04,3.52,3.156,3.128,3.234,1389.4,3.366,,2824.93994140625,393200.0,8500.0,5.222098471403433,-112.60000000000004,11.078014784774243
2024-07-05,3.5,3.161,3.115,3.227,1381.9,3.296,98.77999877929688,2862.22998046875,377600.0,8640.0,5.612893444864878,-105.30000000000004,11.184053359403435
2024-07-08,3.49,3.161,3.119,3.212,1379.0,3.288,97.95999908447266,2857.760009765625,424600.0,8465.0,5.518915617405001,-106.80000000000001,10.612490897482727
2024-07-09,3.47,3.159,3.114,3.191,1379.4,3.277,95.62000274658203,2867.3798828125,455800.0,8365.0,4.732860712577023,-110.9,10.602487230060843
2024-07-10,3.46,3.163,3.12,3.198,1383.4,3.274,92.97000122070312,2867.989990234375,471800.0,8350.0,4.834920828451371,-108.20000000000003,10.436282179814468
2024-07-11,3.46,3.209,3.163,3.234,1385.6,3.293,89.66999816894531,2891.35009765625,461700.0,8490.0,4.859323952567891,-96.60000000000002,10.299415078327504
2024-07-12,3.46,3.161,3.101,3.177,1380.1,3.282,86.79000091552734,2857.0,407400.0,8520.0,4.732066512294846,-100.29999999999997,11.486977647206002
2024-07-15,3.47,3.137,3.076,3.177,1376.3,3.29,94.5,2860.919921875,424500.0,8425.0,4.530163502317562,-105.30000000000004,11.190960609371881
2024-07-16,3.46,3.102,3.035,3.137,1381.9,3.283,93.87000274658203,2866.090087890625,677300.0,8405.0,4.712278585573109,-103.3,11.026726995006857
2024-07-17,3.46,3.105,3.05,3.139,1386.0,3.288,91.0,2843.2900390625,548100.0,8455.0,4.824097444202856,-102.10000000000004,10.849798088685905
2024-07-18,3.46,3.115,3.058,3.138,1381.5,3.29,91.97000122070312,2824.35009765625,657700.0,8450.0,4.977040432137168,-106.20000000000003,11.108247177710455
2024-07-19,3.46,3.144,3.074,3.156,1379.9,3.313,94.29000091552734,2795.4599609375,425600.0,8455.0,4.927037889299381,-109.39999999999999,11.323386534552517
2024-07-22,3.46,3.126,3.071,3.145,1386.6,3.318,94.44999694824219,2763.510009765625,463400.0,8500.0,5.048473118235916,-111.49999999999997,11.796301796542357
2024-07-23,3.46,3.139,3.084,3.171,1388.6,3.323,95.04000091552734,2774.2900390625,422700.0,8525.0,5.074874486892375,-107.90000000000002,11.813138326258738
2024-07-24,3.46,3.118,3.046,3.131,1385.1,3.314,94.80999755859375,2758.7099609375,468500.0,8410.0,5.084053315409921,-114.90000000000005,11.7254040809048
2024-07-25,3.45,3.103,3.024,3.128,1385.1,3.3,99.08000183105469,2710.64990234375,439600.0,8330.0,4.98256504203043,-114.19999999999995,13.153999977866507
2024-07-26,3.45,3.1,3.024,3.108,1385.4,3.297,97.76000213623047,2731.89990234375,513000.0,8620.0,4.9811491756013595,-109.2,13.37476263776432
2024-07-29,3.45,3.057,2.978,3.046,1385.4,3.267,98.6500015258789,2765.530029296875,456500.0,8855.0,4.652615923534008,-112.4,14.16600367336455
2024-07-30,3.45,3.076,2.994,3.052,1382.0,3.281,100.41999816894531,2738.18994140625,392900.0,8740.0,4.72181434680359,-109.80000000000003,14.285744659718352
2024-07-31,3.45,3.086,3.004,3.064,1384.6,3.284,99.41000366210938,2770.68994140625,556400.0,8805.0,4.440232754513964,-102.59999999999998,14.861166346729002
2024-08-01,3.45,3.061,2.976,3.01,1380.1,3.27,101.81999969482422,2777.679931640625,480800.0,8810.0,4.535852853852424,-98.00000000000004,14.28652835108534
2024-08-02,3.45,3.041,2.939,2.976,1365.9,3.249,112.26000213623047,2676.18994140625,531800.0,8425.0,5.491920830849334,-82.39999999999998,18.19437511547937
2024-08-05,3.44,2.928,2.806,2.878,1372.8,3.204,121.22000122070312,2441.550048828125,761900.0,7725.0,5.806542680758987,-90.19999999999997,35.0130329069721
2024-08-06,3.43,3.05,2.935,2.993,1360.6,3.258,119.23999786376953,2522.14990234375,566300.0,7905.0,6.564170197018762,-90.7,37.72087611314971
2024-08-07,3.42,3.031,2.929,3.001,1372.2,3.248,112.69000244140625,2568.409912109375,476300.0,8165.0,7.239831035315358,-95.9,38.66140566628455
2024-08-08,3.42,3.016,2.911,2.997,1376.4,3.246,110.41999816894531,2556.72998046875,494700.0,8235.0,7.311810948339913,-99.30000000000004,38.34113603296235
2024-08-09,3.43,3.034,2.941,3.012,1377.7,3.258,108.26000213623047,2588.429931640625,474200.0,8255.0,7.1938835017622775,-92.8,38.79993666280343
2024-08-12,3.43,3.034,2.946,3.0,1369.4,3.258,118.26000213623047,2618.300048828125,293100.0,8290.0,7.4446159780754835,-89.99999999999999,39.17458440832434
2024-08-13,3.43,3.026,2.918,2.974,1367.7,3.255,118.44000244140625,2621.5,378500.0,8425.0,7.2735599249135685,-87.6,39.16339157943348
2024-08-14,3.44,3.0,2.888,2.945,1370.3,3.246,106.33999633789062,2644.5,328700.0,8370.0,7.2156613301234085,-88.50000000000003,39.39730777298641
2024-08-15,,,,,,,103.73999786376953,,,,,-97.50000000000001,
2024-08-16,3.44,3.04,2.928,2.973,1361.4,3.285,102.80999755859375,2697.22998046875,385900.0,8440.0,7.463942682299253,-91.70000000000003,40.22045024063352
2024-08-19,3.45,3.035,2.927,2.985,1360.1,3.288,110.12999725341797,2674.360107421875,395600.0,8645.0,7.4627160409106565,-87.5,40.17764408751419
2024-08-20,3.46,3.048,2.944,2.999,1337.8,3.294,111.56999969482422,2696.6298828125,484200.0,8905.0,9.01177172256925,-82.09999999999997,40.16794148250204
2024-08-21,3.46,3.044,2.94,2.997,1332.0,3.291,111.37999725341797,2701.1298828125,417300.0,8880.0,8.971517089142651,-79.30000000000001,40.140301150805676
2024-08-22,3.46,3.022,2.907,2.98,1332.4,3.29,108.5,2707.669921875,441800.0,8885.0,9.008251798412841,-87.99999999999999,40.119627949457325
2024-08-23,3.46,3.037,2.92,3.005,1335.9,3.305,105.62999725341797,2701.68994140625,330600.0,8920.0,9.130032188608748,-80.50000000000001,39.63505591711575
2024-08-26,3.47,3.011,2.89,2.974,1340.1,3.3,106.66000366210938,2698.010009765625,333700.0,9080.0,9.273409359839828,-84.59999999999997,39.53250478143827
2024-08-27,3.47,3.055,2.94,3.073,1323.9,3.33,109.22000122070312,2689.25,264100.0,,9.956685617253342,-75.70000000000002,39.25815364824768
2024-08-28,3.47,3.026,2.919,3.054,1330.4,3.322,108.76000213623047,2689.830078125,280800.0,8730.0,10.274601619819421,-78.60000000000001,39.121667377623574
2024-08-29,3.48,3.057,2.939,3.075,1334.7,3.341,106.69999694824219,2662.280029296875,288800.0,8725.0,10.35110420124525,-79.5,38.97472248748461
2024-08-30,3.49,3.067,2.953,3.088,1335.3,3.343,107.7699966430664,2674.31005859375,278800.0,8680.0,10.366287426814978,-82.2,39.00979916748803
2024-09-02,3.49,3.091,2.989,3.121,1334.8,3.35,,2681.0,267000.0,8740.0,9.852302951487154,-78.90000000000002,36.768911821501455
2024-09-03,3.5,3.088,2.981,3.12,1338.8,3.343,114.19999694824219,2664.6298828125,303500.0,8835.0,9.707161548376208,-71.99999999999997,16.89684854835077
2024-09-04,3.5,3.039,2.931,3.052,1341.0,3.318,119.1500015258789,2580.800048828125,455500.0,8640.0,9.318120889337719,-71.8,17.902744975796136
2024-09-05,3.5,3.02,2.905,3.03,1342.0,3.308,114.80999755859375,2575.5,379000.0,8635.0,8.683111691917402,-70.00000000000001,16.740399153360748
2024-09-06,3.5,3.008,2.881,2.99,1335.8,3.3,107.23999786376953,2544.280029296875,374800.0,8585.0,8.623045450506714,-73.0,17.23341121420128
2024-09-09,3.5,3.023,2.897,3.032,1330.4,3.296,104.61000061035156,2535.929931640625,270200.0,8480.0,8.6186346941816,-66.80000000000001,16.6017726658533
2024-09-10,3.49,2.956,2.877,3.01,1339.5,3.254,108.36000061035156,2523.429931640625,347700.0,8530.0,8.971202132784086,-64.00000000000001,15.97295527043496
2024-09-11,3.49,2.914,2.82,2.943,1344.3,3.235,103.79000091552734,2513.3701171875,302600.0,8130.0,9.122456827185621,-70.69999999999999,15.949445359923958
2024-09-12,3.49,2.947,2.866,2.97,1340.3,3.243,98.02999877929688,2572.090087890625,0.0,8255.0,9.091822219920335,-71.0,17.975360316471733
2024-09-13,3.49,2.87,2.822,2.928,1339.6,3.22,100.5999984741211,2575.409912109375,358300.0,8510.0,8.86530647170845,-73.20000000000002,16.178256859534347
2024-09-16,,,,,,,101.22000122070312,,,,,-70.19999999999999,
2024-09-17,,,,,,,101.58000183105469,,,,,-72.2,
2024-09-18,,,,,,,98.61000061035156,,,,,-77.20000000000002,
2024-09-19,3.49,2.882,2.843,2.979,1331.0,3.231,92.63999938964844,2580.800048828125,385100.0,8660.0,9.088068832169613,-75.1,16.07402239817424
2024-09-20,3.49,2.859,2.838,2.989,1331.8,3.224,91.0,2593.3701171875,496000.0,8610.0,7.062074909833664,-74.10000000000001,15.832192642587614
2024-09-23,3.49,2.872,2.864,3.022,1329.9,3.224,93.87000274658203,2602.010009765625,339100.0,8630.0,6.910851827147872,-72.80000000000003,15.892828950966795
2024-09-24,3.49,2.866,2.854,3.026,1335.5,3.213,93.30000305175781,2631.679931640625,355100.0,8595.0,7.076064073478282,-71.40000000000003,16.518163561782227
2024-09-25,3.49,2.822,2.812,2.997,1334.3,3.198,91.63999938964844,2596.320068359375,454500.0,8240.0,7.021229996206461,-79.30000000000001,17.0654359294535
2024-09-26,3.48,2.815,2.807,3.001,1328.4,3.191,90.13999938964844,2671.570068359375,324900.0,8635.0,7.078049733851088,-78.90000000000002,20.293909417741485
2024-09-27,3.48,2.83,2.826,3.0,1329.7,3.197,92.52999877929688,2649.780029296875,413000.0,8635.0,5.585508488588033,-75.0,20.45893304457905
2024-09-30,3.48,2.813,2.811,2.992,1319.6,3.183,94.61000061035156,2593.27001953125,358900.0,8480.0,5.946464164511512,-81.80000000000001,21.7263492539587
2024-10-01,,,,,,,104.13999938964844,,,,,-74.80000000000003,
2024-10-02,3.48,2.798,2.78,2.932,1306.9,3.171,102.16999816894531,2561.68994140625,351000.0,8445.0,6.617917132435805,-85.80000000000001,21.837413593652347
2024-10-03,,,,,,,101.16000366210938,,,,,-91.80000000000001,
2024-10-04,3.48,2.851,2.824,2.996,1320.1,3.189,100.1500015258789,2569.7099609375,414300.0,8500.0,7.704179267432636,-98.4,21.789366056359835
2024-10-07,3.48,2.98,2.96,3.101,1333.3,3.237,124.2300033569336,2610.3798828125,343700.0,8655.0,8.568968439387934,-92.90000000000003,22.643298562438968
2024-10-08,3.49,2.961,2.932,3.077,1346.5,3.221,123.7699966430664,2594.360107421875,318200.0,8660.0,9.219414239532103,-96.30000000000001,22.644184648218687
2024-10-09,,,,,,,122.38999938964844,,,,,-98.29999999999997,
2024-10-10,3.48,2.982,2.962,3.088,1347.8,3.225,116.55999755859375,2599.159912109375,618600.0,8750.0,9.209477432141924,-100.19999999999997,19.634886672913545
2024-10-11,3.48,2.971,2.947,3.085,1349.4,3.208,118.47000122070312,2596.909912109375,491300.0,8840.0,9.213840359135132,-99.50000000000001,19.619504225584347
2024-10-14,3.45,2.962,2.938,3.087,1348.6,3.187,,2623.2900390625,401700.0,9105.0,9.038373262066008,-99.29999999999998,19.312093258457107
2024-10-15,3.44,2.936,2.906,3.05,1354.9,3.175,127.2300033569336,2633.449951171875,438300.0,9110.0,8.987634292523081,-98.00000000000004,19.23905673271827
2024-10-16,3.43,2.907,2.88,3.008,1360.4,3.167,121.86000061035156,2610.360107421875,437600.0,9075.0,8.797216778746085,-101.19999999999996,19.468205364784023
2024-10-17,3.42,2.914,2.897,3.028,1363.7,3.176,122.13999938964844,2609.300048828125,331300.0,9060.0,8.757953705045583,-106.19999999999999,19.36911765725684
2024-10-18,3.41,2.93,2.908,3.072,1366.5,3.185,123.12999725341797,2593.820068359375,265200.0,9065.0,8.6570001113152,-100.8,17.800553984308852
2024-10-21,3.41,2.92,2.902,3.054,1371.1,3.183,128.9499969482422,2604.919921875,240700.0,9040.0,8.677365009242026,-113.60000000000005,17.850144749254106
2024-10-22,3.4,2.945,2.943,3.13,1370.4,3.191,129.25999450683594,2570.699951171875,343300.0,9070.0,8.233373308374302,-107.00000000000003,18.49164273485411
2024-10-23,3.4,2.942,2.936,3.128,1380.1,3.192,129.0500030517578,2599.6201171875,352400.0,9060.0,8.460344938567474,-111.20000000000002,18.8555977179492
2024-10-24,3.4,2.902,2.891,3.074,1382.0,3.159,127.4800033569336,2581.030029296875,343100.0,8980.0,8.376812261381223,-113.60000000000001,18.990410370568746
2024-10-25,3.39,2.896,2.882,3.054,1380.5,3.158,128.39999389648438,2583.27001953125,462900.0,9310.0,8.397024706232694,-119.60000000000002,18.488184790885587
2024-10-28,3.39,2.938,2.932,3.117,1384.4,3.199,130.9199981689453,2612.429931640625,333700.0,9090.0,8.349752921658533,-116.30000000000003,18.340644041712302
2024-10-29,3.4,2.948,2.936,3.118,1387.0,3.194,131.8699951171875,2617.800048828125,363300.0,9110.0,8.014054975784763,-116.20000000000003,14.945797000225397
2024-10-30,3.39,2.956,2.937,3.105,1383.1,3.195,130.8000030517578,2593.7900390625,487400.0,,8.199762810061252,-118.5,15.014714954886907
2024-10-31,3.4,2.964,2.936,3.1,1383.3,3.202,135.17999267578125,2556.14990234375,406600.0,8620.0,7.424101909794271,-118.00000000000001,13.949702787849304
2024-11-01,3.4,2.961,2.939,3.09,1379.3,3.202,132.5800018310547,2542.360107421875,319800.0,8785.0,6.277559490049743,-128.00000000000003,13.40562955227147
2024-11-04,3.4,2.956,2.935,3.096,1377.9,3.204,136.25,2588.969970703125,373900.0,8765.0,5.759862511160296,-121.39999999999995,14.928075856764911
2024-11-05,3.4,2.939,2.918,3.073,1371.3,3.2,130.42999267578125,2576.8798828125,310900.0,,5.47234058830015,-118.69999999999999,13.856047689336437
2024-11-06,3.4,2.98,2.96,3.134,1377.8,3.225,117.63999938964844,2563.510009765625,548500.0,8975.0,4.6564357565628,-128.6,13.809874105411613
2024-11-07,3.41,2.951,2.922,3.098,1391.5,3.211,104.08000183105469,2564.6298828125,465100.0,8925.0,5.602684254137547,-121.19999999999997,13.786225312396057
2024-11-08,3.4,2.925,2.889,3.049,1399.1,3.194,99.8499984741211,2561.14990234375,448700.0,8910.0,5.763788689283789,-125.1,13.788428866279387
2024-11-11,3.4,2.943,2.901,3.038,1385.4,3.207,,2531.659912109375,572200.0,8895.0,7.054278604873708,-126.2,13.679372772400644
2024-11-12,3.4,2.937,2.9,3.014,1395.3,3.2,108.55000305175781,2482.570068359375,735800.0,8785.0,7.260186126802469,-141.6,14.855019109715586
2024-11-13,3.4,2.973,2.939,3.067,1401.1,3.22,102.08000183105469,2417.080078125,619200.0,8710.0,7.264859787138677,-137.3,16.945482066162846
2024-11-14,3.4,2.958,2.929,3.074,1407.3,3.212,99.43000030517578,2418.860107421875,640000.0,8695.0,7.333539184887266,-135.6,16.98051224741206
2024-11-15,3.41,2.976,2.941,3.084,1406.4,3.229,102.47000122070312,2416.860107421875,623300.0,8520.0,7.372918025317563,-134.59999999999997,16.9892909092415
2024-11-18,3.41,2.961,2.915,3.063,1402.8,3.225,102.01000213623047,2469.070068359375,443900.0,8765.0,7.468127224257265,-135.7,19.02805885710007
2024-11-19,3.41,2.946,2.889,3.036,1392.6,3.214,105.12000274658203,2471.949951171875,410900.0,8780.0,8.032247985641725,-135.39999999999998,18.651811308993057
2024-11-20,3.41,2.933,2.873,3.017,1392.0,3.209,106.69000244140625,2482.2900390625,408800.0,8985.0,7.690774497850056,-139.3,18.153479508357506
2024-11-21,3.41,2.892,2.829,2.978,1391.6,3.192,101.9000015258789,2480.6298828125,451100.0,8985.0,7.686590425481151,-145.19999999999996,18.06671217498951
2024-11-22,3.41,2.865,2.816,2.976,1398.1,3.194,99.13999938964844,2501.239990234375,543500.0,9070.0,7.813816898766119,-143.4,18.408815240777958
2024-11-25,3.41,2.828,2.773,2.92,1400.5,3.178,99.95999908447266,2534.340087890625,564700.0,9095.0,7.782646010351225,-134.99999999999997,18.600690687340734
2024-11-26,3.41,2.825,2.773,2.903,1398.2,3.177,99.18000030517578,2520.360107421875,441700.0,8945.0,7.805637595764807,-139.7,18.605555832813398
2024-11-27,3.41,2.8,2.741,2.88,1401.2,3.172,97.73999786376953,2503.06005859375,414300.0,9160.0,7.731943037186865,-137.0,18.502516185838584
2024-11-28,3.41,2.705,2.638,2.788,1396.8,3.118,,2504.669921875,342600.0,9120.0,7.848113674635612,-146.20000000000002,17.883932157318434
2024-11-29,3.3,2.674,2.607,2.751,1394.7,3.051,95.22000122070312,2455.909912109375,384300.0,9060.0,7.783813823986713,-142.89999999999998,19.009404354802903
2024-12-02,3.28,2.639,2.567,2.697,1395.1,2.984,97.80999755859375,2454.47998046875,328100.0,9155.0,7.762414589163838,-149.30000000000004,17.49633170204839
2024-12-03,3.27,2.649,2.585,2.713,1402.0,2.974,95.5999984741211,2500.10009765625,324100.0,9495.0,7.628643670001768,-151.70000000000005,19.01410490571747
2024-12-04,3.27,2.684,2.626,2.765,1403.4,2.985,92.25,2464.0,670300.0,9120.0,7.507720624418636,-142.50000000000003,19.53229916441029
2024-12-05,3.27,2.657,2.603,2.738,1413.0,2.967,91.4800033569336,2441.85009765625,519400.0,8635.0,7.082481730592479,-143.2,19.66848782144197
2024-12-06,3.27,2.67,2.62,2.744,1414.9,2.97,83.19999694824219,2428.159912109375,630400.0,8685.0,6.868798657687727,-140.60000000000002,19.69708407091449
2024-12-09,3.27,2.635,2.579,2.677,1419.4,2.939,85.62999725341797,2360.580078125,591600.0,8385.0,5.720621774860859,-152.3,21.45121152979817
2024-12-10,3.27,2.634,2.524,2.645,1433.2,2.95,90.0999984741211,2417.840087890625,598800.0,8425.0,6.13290601870663,-157.49999999999997,22.696194965739387
2024-12-11,3.28,2.641,2.536,2.692,1428.1,2.958,82.4000015258789,2442.510009765625,617700.0,8605.0,6.274096122099697,-156.79999999999995,20.967070479724267
2024-12-12,3.29,2.662,2.549,2.7,1431.4,2.961,82.66000366210938,2482.1201171875,664200.0,8700.0,6.163228694648417,-162.0,21.687502692946207
2024-12-13,3.29,2.664,2.541,2.676,1431.5,2.957,85.66000366210938,2494.4599609375,577700.0,8620.0,6.14550898833319,-172.40000000000003,21.706890799924526
2024-12-16,3.29,2.665,2.553,2.721,1432.7,2.964,90.87999725341797,2488.969970703125,526700.0,8520.0,6.009233108708837,-166.89999999999995,20.41387338487356
2024-12-17,3.31,2.715,2.621,2.79,1434.9,2.99,90.41999816894531,2456.81005859375,559000.0,8385.0,5.139688912547787,-161.00000000000003,20.95630970033047
2024-12-18,3.32,2.632,2.536,2.738,1436.6,2.963,87.20999908447266,2484.429931640625,441700.0,8600.0,5.090859439433813,-176.2,21.30019950178517
2024-12-19,3.33,2.699,2.603,2.814,1436.8,2.99,90.41000366210938,2435.929931640625,504500.0,8505.0,5.072291287808635,-175.60000000000002,22.415857533541896
2024-12-20,3.33,2.73,2.629,2.873,1449.7,2.997,91.75,2404.14990234375,617800.0,8360.0,5.618695661484716,-164.69999999999993,22.54451763151234
2024-12-23,3.34,2.735,2.616,2.844,1450.3,2.995,95.8499984741211,2442.010009765625,428200.0,8565.0,5.6408509601310985,-174.6,22.78449151020076
2024-12-24,3.35,2.763,2.626,2.876,1449.3,3.009,96.94999694824219,2440.52001953125,386800.0,8545.0,5.574503534667697,-171.4,22.743618776613257
2024-12-25,,,,,,,,,,,,-171.4,
2024-12-26,3.36,2.792,2.648,2.904,1453.6,3.025,95.19999694824219,2429.669921875,322800.0,8470.0,5.58881995827067,-167.60000000000002,22.68424307337892
2024-12-27,3.36,2.776,2.634,2.876,1462.9,3.016,94.80000305175781,2404.77001953125,311300.0,8405.0,5.485359556120149,-174.40000000000003,22.883360666592267
2024-12-30,3.36,2.765,2.597,2.855,1474.1,3.006,99.08000183105469,2399.489990234375,304000.0,8275.0,5.600888108168603,-169.49999999999997,21.92955948038375
2024-12-31,3.36,2.765,2.596,2.855,1470.0,3.006,98.80000305175781,,,,5.880789540076271,-172.5,
2025-01-01,,,,,,,,,,,,-172.5,
2025-01-02,3.35,2.681,2.507,2.749,1470.0,2.946,96.66999816894531,2398.93994140625,350700.0,8250.0,5.8839280584271325,-182.10000000000002,21.93096028923567
2025-01-03,3.27,2.677,2.482,2.754,1468.3,2.903,93.3499984741211,2441.919921875,407500.0,8290.0,5.999500504170839,-184.59999999999997,21.852504608200114
2025-01-06,3.22,2.699,2.524,2.817,1466.8,2.908,97.88999938964844,2488.639892578125,302800.0,8420.0,5.852332827547077,-180.29999999999998,22.37477399688249
2025-01-07,3.19,2.671,2.508,2.794,1470.8,2.877,102.77999877929688,2492.10009765625,407700.0,8400.0,5.856238251578336,-187.6,22.086748117226037
2025-01-08,3.16,2.65,2.505,2.796,1455.4,2.848,100.76000213623047,2521.050048828125,362900.0,8400.0,7.3009767006336395,-187.4,22.237596335536733
2025-01-09,3.13,2.609,2.5,2.778,1453.2,2.822,,2521.89990234375,404300.0,8440.0,6.633061008937616,-190.19999999999996,19.281865556379678
2025-01-10,3.11,2.65,2.561,2.837,1458.2,2.819,96.56999969482422,2515.780029296875,377600.0,8490.0,6.500843067052575,-193.29999999999993,17.71268095241977
2025-01-13,3.1,2.72,2.664,2.871,1460.7,2.84,103.51000213623047,2489.56005859375,578600.0,8545.0,6.488956697454033,-191.9,17.96422262720312
2025-01-14,3.09,2.709,2.646,2.841,1471.3,2.82,101.98999786376953,2497.39990234375,414500.0,8520.0,6.841074874330305,-193.9,17.07437701167898
2025-01-15,3.08,2.727,2.675,2.86,1463.3,2.825,93.0999984741211,2496.81005859375,538500.0,8545.0,7.257135996475145,-180.00000000000003,16.987748002898474
2025-01-16,3.07,2.678,2.626,2.802,1460.2,2.797,92.72000122070312,2527.489990234375,451100.0,8630.0,7.341278883623143,-180.80000000000004,17.498140099306887
2025-01-17,3.06,2.651,2.588,2.813,1454.7,2.784,95.5999984741211,2523.550048828125,445900.0,8500.0,7.522564079658118,-179.70000000000002,16.763622072448893
2025-01-20,3.05,2.662,2.623,2.868,1455.8,2.797,,2520.050048828125,437500.0,8510.0,7.5203380271023175,-174.20000000000005,16.3744727528172
2025-01-21,3.04,2.651,2.579,2.818,1453.0,2.785,96.77999877929688,2518.030029296875,572000.0,8545.0,6.891847245805091,-175.20000000000002,14.544879222702129
2025-01-22,3.04,2.646,2.577,2.827,1437.9,2.799,89.9000015258789,2547.06005859375,583700.0,8520.0,7.834296448149318,-177.29999999999995,13.839436308555161
2025-01-23,3.04,2.663,2.578,2.837,1434.3,2.809,88.51000213623047,2515.489990234375,609700.0,8500.0,7.869034428160089,-181.3,13.98622064851231
2025-01-24,3.04,2.655,2.57,2.859,1437.1,2.806,86.75,2536.800048828125,602000.0,8480.0,7.817669635918506,-177.1,14.173023237156526
2025-01-27,,,,,,,95.05000305175781,,,,,-167.10000000000002,
2025-01-28,,,,,,,92.83000183105469,,,,,-169.1,
2025-01-29,,,,,,,90.7300033569336,,,,,-169.1,
2025-01-30,,,,,,,90.54000091552734,,,,,-166.09999999999997,
2025-01-31,3.04,2.644,2.573,2.859,1433.3,2.812,91.76000213623047,2517.3701171875,454400.0,8740.0,7.39804247372879,-172.10000000000002,14.409999621497215
2025-02-03,3.03,2.663,2.572,2.835,1453.0,2.825,94.1500015258789,2453.949951171875,522800.0,8595.0,8.567369064990974,-170.5,16.840610110789275
2025-02-04,3.03,2.677,2.584,2.844,1469.2,2.828,90.27999877929688,2481.68994140625,479400.0,8795.0,9.496618674781244,-167.59999999999997,17.172307576756175
2025-02-05,3.02,2.668,2.578,2.818,1460.8,2.821,94.68000030517578,2509.27001953125,437300.0,8775.0,9.710251752900394,-161.19999999999996,17.469113503479665
2025-02-06,3.01,2.664,2.582,2.796,1450.0,2.819,93.9000015258789,2536.75,479700.0,8620.0,10.030620413708387,-165.40000000000003,16.806139675206992
2025-02-07,3.0,2.713,2.635,2.836,1447.1,2.838,93.12999725341797,2521.919921875,419900.0,8610.0,10.041977730638978,-165.40000000000003,15.72512372468679
2025-02-10,3.0,2.708,2.638,2.83,1447.4,2.826,87.68000030517578,2521.27001953125,393600.0,8555.0,9.968928150053648,-167.99999999999997,15.726565051071479
2025-02-11,3.0,2.7,2.633,2.849,1453.4,2.816,85.58000183105469,2539.050048828125,451100.0,8565.0,9.42001343175953,-169.1,15.383292441834733
2025-02-12,2.99,2.717,2.651,2.879,1453.5,2.815,86.58000183105469,2548.389892578125,464900.0,8555.0,9.404227084045191,-174.10000000000002,15.427124364639505
2025-02-13,2.99,2.693,2.631,2.872,1452.6,2.814,84.56999969482422,2583.169921875,680300.0,8480.0,9.318794167181146,-164.79999999999995,16.05569914778692
2025-02-14,2.99,2.688,2.611,2.846,1450.5,2.807,84.66999816894531,2591.050048828125,499400.0,8610.0,9.30126242478807,-162.39999999999998,15.443707515832777
2025-02-17,2.99,2.702,2.623,2.869,1443.3,2.812,,2610.419921875,366300.0,8765.0,8.984634636789089,-160.09999999999997,15.560650800279621
2025-02-18,2.99,2.712,2.641,2.878,1441.1,2.814,84.51000213623047,2626.81005859375,422000.0,8765.0,8.83119571727776,-167.19999999999996,15.593768916719206
2025-02-19,2.99,2.698,2.63,2.873,1443.9,2.811,83.86000061035156,2671.52001953125,525800.0,8825.0,8.865295567829321,-165.7,16.06757731934876
2025-02-20,2.98,2.691,2.628,2.888,1440.6,2.814,86.26000213623047,2654.06005859375,529300.0,8770.0,8.809351498784066,-161.20000000000002,16.342383777888738
2025-02-21,2.97,2.674,2.618,2.856,1439.4,2.811,91.83000183105469,2654.580078125,444700.0,8760.0,8.79801246917835,-156.4,16.30109517416448
2025-02-24,2.96,2.667,2.61,2.825,1434.1,2.805,88.44000244140625,2645.27001953125,536400.0,8755.0,8.856334149752804,-157.50000000000003,16.405125589550885
2025-02-25,2.94,2.661,2.596,2.797,1429.2,2.798,96.61000061035156,2630.2900390625,410300.0,8675.0,8.15596971355199,-150.29999999999995,16.28739808427028
2025-02-26,2.9,2.654,2.591,2.752,1430.7,2.783,97.5199966430664,2641.090087890625,386800.0,8750.0,8.12557942940922,-149.8,15.429562934106016
2025-02-27,2.89,2.664,2.592,2.754,1431.8,2.798,96.2699966430664,2621.75,513900.0,8760.0,8.09649017594799,-153.6,15.633896210563055
2025-02-28,2.89,2.654,2.566,2.706,1439.6,2.796,104.45999908447266,2532.780029296875,588600.0,8650.0,8.27634163475799,-153.40000000000003,19.915064773322793
2025-03-03,,,,,,,105.6500015258789,,,,,-145.4,
2025-03-04,2.89,2.653,2.541,2.703,1458.7,2.798,108.87000274658203,2528.919921875,484100.0,8475.0,8.17416752740489,-151.7,17.510929999151685
2025-03-05,2.89,2.678,2.565,2.773,1459.6,2.815,104.31999969482422,2558.1298828125,569400.0,8370.0,7.087082379357613,-150.70000000000002,17.529297648827583
2025-03-06,2.88,2.7,2.594,2.806,1456.0,2.829,108.94999694824219,2576.159912109375,609600.0,8540.0,6.848534178201712,-148.4,17.293762855747197
2025-03-07,2.88,2.669,2.565,2.773,1441.6,2.806,104.41000366210938,2563.47998046875,567200.0,8355.0,7.244418672693534,-154.70000000000002,17.04381643232283
2025-03-10,2.88,2.677,2.596,2.801,1446.3,2.816,112.5,2570.389892578125,435700.0,8470.0,7.319076605428952,-141.89999999999995,16.885659525487902
2025-03-11,2.88,2.65,2.56,2.76,1451.5,2.811,114.5999984741211,2537.60009765625,399000.0,8370.0,7.430837791303422,-152.00000000000006,17.57844878173447
2025-03-12,2.87,2.633,2.55,2.763,1457.9,2.812,104.11000061035156,2574.820068359375,401600.0,8485.0,7.450211286612503,-155.70000000000005,18.159948513750106
2025-03-13,2.87,2.64,2.57,2.77,1452.0,2.825,106.19000244140625,2573.639892578125,427300.0,8485.0,7.599014968033946,-149.99999999999994,18.131191256174738
2025-03-14,2.87,2.67,2.596,2.813,1451.9,2.835,101.01000213623047,2566.360107421875,362300.0,8440.0,7.595969232367188,-149.69999999999993,17.484988028281148
2025-03-17,2.87,2.67,2.601,2.805,1454.8,2.839,99.77999877929688,2610.68994140625,396600.0,8550.0,7.608164745213594,-150.49999999999994,18.540077465879335
2025-03-18,2.87,2.665,2.598,2.788,1448.0,2.835,96.68000030517578,2612.340087890625,555500.0,8655.0,7.58295325694814,-150.20000000000002,18.353982901525082
2025-03-19,2.87,2.682,2.621,2.811,1447.1,2.834,91.4000015258789,2628.6201171875,653300.0,8725.0,7.562891794803593,-143.9,18.351902547650802
2025-03-20,2.86,2.655,2.598,2.792,1452.3,2.822,95.73999786376953,2637.10009765625,455000.0,8765.0,7.635149267166833,-144.80000000000004,17.287196309719786
2025-03-21,2.86,2.665,2.597,2.805,1459.2,2.823,94.54000091552734,2643.1298828125,497500.0,8720.0,7.726986344465218,-144.49999999999997,17.168082544315375
2025-03-24,2.86,2.678,2.604,2.816,1466.9,2.826,95.22000122070312,2632.070068359375,372400.0,8760.0,7.874120378942849,-152.4,17.226677042648888
2025-03-25,2.86,2.692,2.612,2.821,1466.9,2.828,93.56999969482422,2615.81005859375,439300.0,8735.0,7.692698723769248,-148.89999999999995,17.317038216097895
2025-03-26,2.86,2.691,2.618,2.839,1469.6,2.828,91.41000366210938,2643.93994140625,507900.0,8690.0,7.503464728538223,-151.09999999999997,17.645585873999096
2025-03-27,2.86,2.684,2.622,2.838,1465.3,2.827,91.02999877929688,2607.14990234375,403300.0,8685.0,7.659541760213841,-154.2,18.280535527656365
2025-03-28,2.86,2.694,2.629,2.842,1466.8,2.825,96.83000183105469,2557.97998046875,513600.0,8595.0,7.658144320529468,-142.79999999999995,19.27626421994398
2025-03-31,2.85,2.648,2.569,2.771,1466.5,2.794,101.3499984741211,2481.1201171875,391600.0,8520.0,7.505521164148416,-145.90000000000006,18.430256631337212
2025-04-01,2.84,2.654,2.581,2.787,1470.6,2.797,104.7300033569336,2521.389892578125,453400.0,8635.0,5.991437895799718,-138.3,19.410345515826716
2025-04-02,2.84,2.653,2.584,2.767,1471.7,2.786,106.38999938964844,2505.860107421875,515600.0,8605.0,5.992209583037649,-143.30000000000004,19.0171953126631
2025-04-03,2.83,2.608,2.529,2.738,1467.8,2.717,112.0,2486.699951171875,480100.0,8430.0,6.004278109469353,-132.19999999999996,18.911188246605782
2025-04-04,2.8,2.533,2.461,2.692,1467.0,2.679,125.70999908447266,2465.419921875,695100.0,8410.0,4.639053801386986,-131.79999999999995,19.037007160643412
2025-04-07,2.79,2.466,2.405,2.648,1439.3,2.625,137.3000030517578,2328.199951171875,619500.0,7970.0,8.324816406376554,-150.20000000000002,26.84461172416054
2025-04-08,2.78,2.471,2.413,2.686,1465.9,2.638,139.8800048828125,2334.22998046875,557000.0,7840.0,10.598364766806247,-157.39999999999998,26.793782686188113
2025-04-09,2.78,2.481,2.434,2.732,1470.2,2.642,128.8300018310547,2293.699951171875,699600.0,7750.0,10.53922084849143,-160.79999999999995,26.235760810201132
2025-04-10,2.77,2.486,2.437,2.702,1482.9,2.639,128.35000610351562,2445.06005859375,670400.0,8130.0,10.781861268306361,-169.80000000000004,36.54898261504794
2025-04-11,2.77,2.459,2.411,2.696,1458.5,2.624,137.25999450683594,2432.719970703125,369700.0,8095.0,12.451925578588918,-178.40000000000003,36.56164475670704
2025-04-14,2.76,2.464,2.408,2.691,1450.8,2.625,132.4600067138672,2455.889892578125,488600.0,8185.0,12.584165305965966,-168.9,36.10870983475417
2025-04-15,2.76,2.444,2.399,2.664,1427.4,2.614,122.55999755859375,2477.409912109375,560300.0,8300.0,13.739341410423735,-168.59999999999994,36.326113045536296
2025-04-16,2.75,2.404,2.351,2.629,1423.3,2.591,119.4000015258789,2447.429931640625,613200.0,8395.0,13.76127357093298,-166.1,36.33115836866506
2025-04-17,2.74,2.428,2.385,2.645,1427.4,2.602,114.63999938964844,2470.409912109375,601700.0,8370.0,13.733438136615439,-169.49999999999997,36.543643973836836
2025-04-18,2.74,2.403,2.362,2.62,1419.9,2.59,,2483.419921875,451000.0,8485.0,13.653275644328348,-171.99999999999997,36.616155485159496
2025-04-21,2.73,2.379,2.331,2.602,1421.5,2.566,128.55999755859375,2488.419921875,429000.0,8605.0,13.465140957136883,-181.8,36.65250620598964
2025-04-22,2.73,2.38,2.33,2.621,1418.9,2.567,118.3499984741211,2486.639892578125,416700.0,8635.0,13.4531074876885,-178.9,36.63209291607403
2025-04-23,2.73,2.383,2.337,2.598,1422.6,2.568,116.5999984741211,2525.56005859375,538100.0,8730.0,13.48206055294327,-180.20000000000005,36.90343641775821
2025-04-24,2.73,2.393,2.341,2.623,1426.6,2.568,108.27999877929688,2522.330078125,327900.0,8750.0,13.560235656749384,-169.70000000000002,36.63542086181445
2025-04-25,2.72,2.356,2.305,2.576,1430.2,2.552,105.79000091552734,2546.300048828125,403500.0,8840.0,13.604739079083355,-171.4,36.2237606461527
2025-04-28,2.72,2.367,2.316,2.588,1434.6,2.554,110.01000213623047,2548.860107421875,454100.0,8810.0,13.687066440072767,-164.20000000000005,34.43855275095286
2025-04-29,2.71,2.355,2.31,2.603,1439.3,2.551,112.2699966430664,2565.419921875,547100.0,8730.0,13.706081809132911,-158.70000000000002,34.06022191849545
2025-04-30,2.7,2.323,2.267,2.563,1438.5,2.537,112.4800033569336,2556.610107421875,487500.0,8915.0,13.691334087789055,-160.7,33.997043386646894
2025-05-01,,,,,,,107.33000183105469,,,,,-168.7,
2025-05-02,2.7,2.329,2.282,2.593,1426.9,2.54,101.4000015258789,2559.7900390625,585500.0,8985.0,13.905572326179321,-173.70000000000002,33.835632204445346
2025-05-05,,,,,,,104.44999694824219,,,,,-176.70000000000005,
2025-05-06,,,,,,,106.18000030517578,,,,,-170.7,
2025-05-07,2.7,2.3,2.253,2.603,1426.6,2.529,99.87000274658203,2573.800048828125,546800.0,9020.0,13.908731522902714,-165.69999999999996,33.6394317493518
2025-05-08,2.69,2.32,2.281,2.622,1394.1,2.536,98.66000366210938,2579.47998046875,471600.0,9010.0,14.611435951083518,-174.8,25.746392272470388
2025-05-09,2.68,2.358,2.331,2.67,1396.0,2.543,100.4000015258789,2577.27001953125,485600.0,8995.0,12.62699540585748,-170.00000000000003,25.822735981653512
2025-05-12,2.67,2.355,2.33,2.685,1405.6,2.542,102.9000015258789,2607.330078125,409700.0,9100.0,12.922438206983209,-176.5,24.497303465042112
2025-05-13,2.67,2.393,2.37,2.722,1400.4,2.551,100.12999725341797,2608.419921875,422500.0,9090.0,12.27425882235369,-176.8,10.381982750579008
2025-05-14,2.67,2.369,2.351,2.718,1413.7,2.52,100.7300033569336,2640.570068359375,390500.0,9125.0,11.904724310043825,-181.20000000000002,10.369929437228151
2025-05-15,2.66,2.37,2.362,2.727,1415.8,2.521,98.6500015258789,2621.360107421875,339600.0,9130.0,11.864384444117587,-172.30000000000004,10.910857798249088
2025-05-16,2.66,2.337,2.319,2.676,1399.6,2.496,96.69999694824219,2626.8701171875,359700.0,9150.0,11.17869185917111,-175.39999999999995,10.722121173646935
2025-05-19,2.66,2.363,2.366,2.747,1394.3,2.501,103.80999755859375,2603.419921875,313300.0,9125.0,11.204132645778126,-171.3,10.176236463628323
2025-05-20,2.65,2.34,2.33,2.713,1398.0,2.484,101.37000274658203,2601.800048828125,457000.0,9265.0,11.193978112027267,-176.70000000000005,9.975885508794535
2025-05-21,2.65,2.347,2.345,2.76,1392.6,2.491,102.0999984741211,2625.580078125,371500.0,9345.0,11.134840602792746,-182.00000000000003,10.204659383273661
2025-05-22,2.65,2.341,2.336,2.755,1387.1,2.49,99.47000122070312,2593.669921875,358100.0,9255.0,11.1552431587945,-178.5,11.506728966278411
2025-05-23,2.65,2.335,2.338,2.766,1378.4,2.489,100.91000366210938,2592.090087890625,434000.0,9420.0,11.299007475549013,-174.39999999999998,11.50334555219234
2025-05-26,2.64,2.33,2.348,2.766,1376.9,2.486,,2644.39990234375,380200.0,9650.0,11.199886586778963,-174.39999999999998,12.295813471418448
2025-05-27,2.64,2.33,2.34,2.709,1365.0,2.481,97.93000030517578,2637.219970703125,318300.0,9665.0,11.337620527908047,-172.09999999999997,12.36211531050707
2025-05-28,2.64,2.323,2.314,2.706,1368.3,2.479,93.19999694824219,2670.14990234375,405500.0,9670.0,11.331854266070055,-176.39999999999998,12.636340421169548
2025-05-29,2.62,2.331,2.341,2.76,1374.6,2.487,92.66999816894531,2720.639892578125,448300.0,9985.0,11.438420064562784,-167.0,13.90706873850229
2025-05-30,2.61,2.343,2.347,2.786,1381.4,2.491,92.11000061035156,2697.669921875,525700.0,9985.0,11.557498934600616,-162.4,14.452353578320476
2025-06-02,2.6,2.332,2.34,2.793,1375.7,2.491,95.76000213623047,2698.969970703125,323600.0,9750.0,11.56676608202409,-166.7,14.30317480678184
2025-06-03,,,,,,,100.0,,,,,-166.7,
2025-06-04,2.59,2.378,2.414,2.894,1376.9,2.511,96.9800033569336,2770.840087890625,489900.0,10380.0,11.400056874903337,-147.6,16.60187968623135
2025-06-05,2.59,2.376,2.412,2.891,1373.8,2.503,94.6500015258789,2812.050048828125,556000.0,10360.0,11.386336403498605,-150.90000000000003,17.04043048528427
2025-06-06,,,,,,,89.6500015258789,,,,,-161.89999999999998,
2025-06-09,2.58,2.377,2.405,2.867,1359.0,2.499,92.62000274658203,2855.77001953125,537600.0,10725.0,9.009601280915614,-162.3,17.456187674860864
2025-06-10,2.58,2.387,2.385,2.831,1358.9,2.502,91.22000122070312,2871.85009765625,508200.0,10760.0,8.968495545361405,-163.89999999999998,17.311016345703667
2025-06-11,2.57,2.404,2.419,2.837,1359.9,2.51,89.36000061035156,2907.0400390625,393900.0,10765.0,8.474423327506923,-157.29999999999998,17.340194843093894
2025-06-12,2.57,2.423,2.429,2.827,1368.8,2.509,88.98999786376953,2920.030029296875,713700.0,10780.0,8.91268063065226,-153.30000000000004,17.241716836709386
2025-06-13,2.57,2.466,2.462,2.819,1362.9,2.519,95.30999755859375,2894.6201171875,931700.0,10735.0,8.03431146662238,-159.10000000000002,17.779508935731243
2025-06-16,2.57,2.47,2.483,2.864,1366.8,2.524,93.4800033569336,2946.659912109375,726400.0,10960.0,8.123658826998922,-159.60000000000002,17.790344508814915
2025-06-17,2.56,2.445,2.448,2.868,1363.6,2.504,97.18000030517578,2950.300048828125,939600.0,10915.0,7.281787188545379,-152.2,17.817685764651173
2025-06-18,2.56,2.465,2.472,2.876,1361.7,2.518,93.63999938964844,2972.18994140625,576500.0,10810.0,7.222349325139836,-150.4,16.93883352843856
2025-06-19,2.56,2.483,2.475,2.874,1373.2,2.521,,2977.739990234375,433300.0,10835.0,7.890931320588438,-150.59999999999997,16.81873826449926
2025-06-20,2.56,2.471,2.463,2.867,1379.6,2.513,90.0999984741211,3021.840087890625,484900.0,10945.0,8.042577475109109,-151.29999999999998,17.04125075549282
2025-06-23,2.56,2.503,2.498,2.873,1369.4,2.531,95.02999877929688,3014.469970703125,625700.0,11100.0,8.328774033503286,-146.69999999999996,15.895322628154831
2025-06-24,2.56,2.463,2.461,2.823,1381.9,2.513,92.62000274658203,3103.639892578125,579200.0,11605.0,8.729149844645011,-147.7,17.372828930387428
2025-06-25,2.56,2.463,2.46,2.82,1365.0,2.514,91.23999786376953,3108.25,644800.0,11610.0,9.77095968104935,-147.00000000000003,17.056263406829675
2025-06-26,2.56,2.453,2.454,2.788,1360.9,2.513,89.47000122070312,3079.56005859375,460600.0,11440.0,9.336627320407764,-147.2,17.750282805058294
2025-06-27,2.56,2.464,2.453,2.785,1357.6,2.524,87.93000030517578,3055.93994140625,381600.0,11385.0,9.31932039440149,-150.5,18.477860234922662
2025-06-30,2.55,2.449,2.452,2.805,1356.4,2.519,90.26000213623047,3071.699951171875,464200.0,11390.0,9.132056908820871,-143.5,17.922399221690277
2025-07-01,2.55,2.443,2.454,2.784,1353.6,2.508,93.4800033569336,3089.64990234375,576000.0,11535.0,8.898212144437869,-147.6,17.077469145192158
2025-07-02,2.54,2.461,2.483,2.832,1352.6,2.507,91.37000274658203,3075.06005859375,696800.0,11500.0,8.82132601225617,-146.8,17.43153217028747
2025-07-03,2.53,2.426,2.449,2.814,1359.4,2.488,86.08999633789062,3116.27001953125,539100.0,11625.0,9.04815975195056,-153.59999999999997,15.98846192932787
2025-07-04,2.53,2.446,2.467,2.828,1358.1,2.493,,3054.280029296875,520800.0,11415.0,9.028920388951123,-152.2,18.04255227780085
2025-07-07,2.53,2.453,2.482,2.84,1364.2,2.49,88.52999877929688,3059.469970703125,359400.0,11615.0,8.338044250416056,-156.00000000000006,17.550429747756663
2025-07-08,2.53,2.442,2.477,2.847,1366.6,2.485,88.05000305175781,3114.949951171875,745800.0,12310.0,8.355313421465361,-157.29999999999998,18.29625046898418
2025-07-09,2.52,2.435,2.478,2.854,1368.0,2.482,84.30999755859375,3133.739990234375,643000.0,12300.0,8.357956938131728,-148.59999999999997,18.06184183814751
2025-07-10,2.52,2.403,2.433,2.814,1373.8,2.466,81.58000183105469,3183.22998046875,596600.0,12470.0,8.167810526885615,-153.59999999999997,18.556060160664114
2025-07-11,2.52,2.421,2.448,2.823,1373.0,2.471,85.4800033569336,3175.77001953125,465300.0,12425.0,8.000563457425141,-160.7,18.092582638141906
2025-07-14,2.52,2.441,2.474,2.886,1374.7,2.482,90.7300033569336,3202.030029296875,444000.0,12835.0,7.9544344146339405,-154.39999999999995,17.46538232682962
2025-07-15,2.52,2.431,2.463,2.877,1378.5,2.483,88.94999694824219,3215.280029296875,419700.0,12725.0,7.936001539011935,-162.3,17.429915123730876
2025-07-16,2.51,2.423,2.459,2.877,1382.7,2.485,89.5199966430664,3186.3798828125,531500.0,12215.0,7.94788702037007,-158.3,18.012109125139713
2025-07-17,2.51,2.438,2.479,2.905,1387.1,2.496,85.56999969482422,3192.2900390625,424800.0,12295.0,7.48023394911007,-156.5,18.01226430216225
2025-07-18,2.51,2.437,2.474,2.873,1390.8,2.498,83.29000091552734,3188.070068359375,393400.0,12090.0,7.366287328912479,-156.70000000000002,17.579231390761112
2025-07-21,2.51,2.417,2.456,2.855,1391.9,2.495,86.62000274658203,3210.81005859375,343900.0,12070.0,6.763932231144576,-152.5,17.533576791465187
2025-07-22,2.51,2.423,2.463,2.839,1391.1,2.499,89.88999938964844,3169.93994140625,378500.0,12020.0,6.019926283172224,-151.09999999999997,15.398118054774661
2025-07-23,2.51,2.419,2.458,2.83,1386.3,2.498,85.94999694824219,3183.77001953125,664800.0,12040.0,4.0843861240308,-157.00000000000003,15.4414331646492
2025-07-24,2.51,2.426,2.467,2.849,1379.1,2.501,82.75,3190.449951171875,425500.0,12070.0,4.413978148088315,-158.09999999999997,14.937420919879612
2025-07-25,2.5,2.423,2.485,2.855,1368.7,2.503,82.08999633789062,3196.050048828125,389300.0,12150.0,5.194143640970687,-154.50000000000003,14.512484617185711
2025-07-28,2.51,2.402,2.464,2.829,1376.0,2.499,83.7300033569336,3209.52001953125,502700.0,11540.0,5.450874370325233,-159.09999999999997,14.491572673161851
2025-07-29,2.51,2.387,2.46,2.823,1379.6,2.496,85.06999969482422,3230.570068359375,373200.0,11715.0,5.38623391770604,-151.7,14.517375737491117
2025-07-30,2.51,2.392,2.454,2.797,1391.4,2.495,81.87999725341797,3254.469970703125,338100.0,11660.0,5.975796303170436,-158.29999999999998,14.379708199741712
2025-07-31,2.51,2.401,2.46,2.785,1382.9,2.5,79.83999633789062,3245.43994140625,540300.0,11565.0,6.378510446379991,-158.5,13.949633251241705
2025-08-01,2.51,2.423,2.478,2.832,1390.4,2.509,83.83000183105469,3119.409912109375,507800.0,11075.0,6.536930125947467,-139.80000000000007,18.711921576365512
2025-08-04,2.51,2.364,2.421,2.778,1399.3,2.476,87.94999694824219,3147.75,293500.0,11235.0,6.698222538152904,-144.19999999999996,18.924570529678203
2025-08-05,2.5,2.354,2.425,2.766,1384.9,2.478,89.19999694824219,3198.0,273400.0,11490.0,7.850376518085252,-145.39999999999998,18.685633221346894
2025-08-06,2.5,2.36,2.43,2.779,1386.7,2.481,83.88999938964844,3198.139892578125,327400.0,11625.0,7.852600557791102,-144.1,18.60877566053896
2025-08-07,2.5,2.352,2.408,2.772,1389.5,2.479,80.1500015258789,3227.679931640625,327000.0,11725.0,7.7584865995261545,-145.80000000000007,18.05886570158213
2025-08-08,2.5,2.351,2.409,2.776,1384.2,2.483,79.19999694824219,3210.010009765625,341400.0,11590.0,7.906106281038914,-149.39999999999998,18.164033190343066
2025-08-11,2.5,2.367,2.42,2.781,1386.0,2.488,81.76000213623047,3206.77001953125,305000.0,11520.0,7.906993147254878,-148.89999999999995,17.941662111861564
2025-08-12,2.5,2.378,2.431,2.801,1388.3,2.495,77.41999816894531,3189.909912109375,373200.0,11665.0,7.873225621241878,-148.89999999999998,17.973620084543168
2025-08-13,2.5,2.367,2.417,2.809,1390.2,2.493,77.30999755859375,3224.3701171875,320100.0,11680.0,7.819790962018039,-143.1,18.08233743214934
2025-08-14,2.5,2.36,2.404,2.787,1383.8,2.49,76.7699966430664,3225.659912109375,441500.0,11770.0,7.924489571939724,-150.3,18.076911376953493
2025-08-15,,,,,,,76.66000366210938,,,,,-154.3,
2025-08-18,2.5,2.374,2.426,2.837,1382.2,2.499,81.81999969482422,3177.280029296875,326100.0,11440.0,7.862914189648272,-150.29999999999995,18.901115089025588
2025-08-19,2.49,2.381,2.444,2.858,1385.3,2.501,82.1500015258789,3151.56005859375,285300.0,11415.0,7.906362222682757,-144.19999999999996,18.901026280725635
2025-08-20,2.49,2.381,2.441,2.853,1389.4,2.5,80.75,3130.090087890625,335300.0,11400.0,7.9848243633364655,-143.7,18.521236316368725
2025-08-21,2.49,2.377,2.438,2.845,1397.5,2.499,80.5199966430664,3141.739990234375,276900.0,11535.0,8.13853976122351,-148.5,18.49999419819023
2025-08-22,2.49,2.382,2.456,2.86,1398.1,2.501,78.0999984741211,3168.72998046875,236800.0,11495.0,7.864736393746975,-140.0,18.767154825335957
2025-08-25,2.49,2.36,2.434,2.852,1395.6,2.491,77.55999755859375,3209.860107421875,220200.0,11600.0,7.311212239085278,-142.80000000000004,19.34228897379754
2025-08-26,2.49,2.346,2.422,2.86,1386.3,2.486,79.36000061035156,3179.360107421875,325400.0,11400.0,7.599123526303736,-140.0,19.584176851823678
2025-08-27,2.49,2.334,2.402,2.825,1391.2,2.481,77.66000366210938,3187.159912109375,281700.0,11425.0,7.641775956655371,-141.5,19.444458413108805
2025-08-28,2.49,2.344,2.416,2.815,1395.7,2.488,77.55000305175781,3196.320068359375,312200.0,11550.0,7.106348660700753,-140.49999999999997,19.262992442170653
2025-08-29,2.5,2.354,2.426,2.815,1388.6,2.494,79.38999938964844,3186.010009765625,245100.0,11490.0,6.995097446866219,-141.50000000000006,19.269693593240405
2025-09-01,2.5,2.372,2.435,2.847,1387.7,2.502,,3142.929931640625,260100.0,11370.0,6.722178593945291,-138.30000000000004,14.037082090709788
2025-09-02,2.5,2.38,2.45,2.87,1392.4,2.507,85.27999877929688,3172.35009765625,310700.0,11520.0,6.414330754640407,-141.0,14.059992914302022
2025-09-03,2.5,2.404,2.475,2.913,1392.2,2.518,89.66999816894531,3184.419921875,335800.0,11540.0,5.202104932950568,-130.7,12.891802199066978
2025-09-04,2.5,2.409,2.472,2.883,1393.8,2.516,88.26000213623047,3200.830078125,286300.0,11430.0,5.198419699509554,-128.7,13.030472534015377
2025-09-05,2.5,2.402,2.46,2.855,1392.7,2.512,85.29000091552734,3205.1201171875,323800.0,11470.0,5.16789810234306,-124.49999999999997,12.587995873165145
2025-09-08,2.5,2.4,2.448,2.848,1391.8,2.512,84.0,3219.590087890625,372300.0,11415.0,4.966431097082526,-120.19999999999999,12.544883495635695
2025-09-09,2.5,2.397,2.425,2.818,1390.4,2.508,82.19999694824219,3260.050048828125,439900.0,11730.0,4.97095967449128,-126.2,13.278511494118634
2025-09-10,2.5,2.418,2.43,2.833,1386.6,2.518,79.58000183105469,3314.530029296875,564700.0,12240.0,5.03964635379945,-120.69999999999999,14.194881561249156
2025-09-11,2.5,2.403,2.42,2.813,1387.6,2.512,75.06999969482422,3344.199951171875,435600.0,12170.0,5.020569795939977,-119.69999999999996,14.056377819872019
2025-09-12,2.5,2.408,2.431,2.813,1389.4,2.514,73.37000274658203,3395.5400390625,448900.0,12335.0,4.74620993222437,-124.69999999999995,14.830587976115059
2025-09-15,2.5,2.414,2.443,2.821,1388.7,2.516,76.87999725341797,3407.31005859375,378900.0,12510.0,4.7269813619977095,-122.89999999999996,13.291133658840554
2025-09-16,2.5,2.394,2.417,2.804,1389.5,2.507,77.08999633789062,3449.6201171875,406200.0,12440.0,4.66994402980874,-123.60000000000002,12.899345985288788
2025-09-17,2.51,2.388,2.418,2.787,1382.3,2.513,75.94999694824219,3413.39990234375,326600.0,12245.0,4.90958385065726,-127.29999999999997,13.387663083463636
2025-09-18,2.51,2.37,2.403,2.756,1380.0,2.51,71.91000366210938,3461.300048828125,391200.0,12230.0,4.369317008351622,-135.40000000000006,13.814409689321714
2025-09-19,2.51,2.395,2.441,2.815,1384.6,2.526,72.51000213623047,3445.239990234375,348800.0,12270.0,4.578937759694333,-132.49999999999997,14.138943452212363
2025-09-22,2.51,2.409,2.459,2.833,1393.6,2.532,75.80000305175781,3468.64990234375,287900.0,12250.0,5.171895406441555,-131.70000000000002,13.797577505054855
2025-09-23,2.51,2.421,2.46,2.813,1394.0,2.535,75.66000366210938,3486.18994140625,358300.0,12195.0,4.5466763529018035,-130.7,12.854742480506557
2025-09-24,2.51,2.437,2.489,2.848,1393.8,2.544,75.12999725341797,3472.139892578125,287100.0,12100.0,4.382045137334587,-131.20000000000002,13.202869516633003
2025-09-25,2.52,2.467,2.528,2.885,1394.9,2.559,75.44000244140625,3471.110107421875,293100.0,11990.0,4.233259956866101,-129.5,13.296689501399841
2025-09-26,2.53,2.499,2.562,2.943,1400.4,2.583,74.37999725341797,3386.050048828125,399200.0,11880.0,4.008747776456674,-125.70000000000002,16.600527542860043
2025-09-29,2.53,2.519,2.563,2.939,1411.6,2.584,75.51000213623047,3431.2099609375,416500.0,12150.0,4.7984082540079855,-121.10000000000002,15.749249294140371
2025-09-30,2.54,2.525,2.582,2.951,1402.2,2.586,77.93000030517578,3424.60009765625,526400.0,11985.0,5.385458809116017,-120.9,15.791501110733833
2025-10-01,2.54,2.529,2.596,2.96,1403.2,2.581,73.5,3455.830078125,493600.0,12005.0,5.383499069566611,-116.00000000000001,15.900443149662111
2025-10-02,2.54,2.518,2.581,2.959,1406.0,2.565,71.20999908447266,3549.2099609375,402100.0,12140.0,5.407464729023589,-114.09999999999995,17.858351051096367
2025-10-03,,,,,,,69.52999877929688,,,,,-117.09999999999998,
2025-10-06,,,,,,,72.98999786376953,,,,,-122.09999999999997,
2025-10-07,,,,,,,75.43000030517578,,,,,-118.09999999999997,
2025-10-08,,,,,,,74.87000274658203,,,,,-117.09999999999998,
2025-10-09,,,,,,,74.12000274658203,,,,,-118.09999999999997,
2025-10-10,2.54,2.524,2.591,2.964,1401.9,2.569,81.6500015258789,3610.60009765625,407400.0,11940.0,5.523123939430466,-108.59999999999998,18.289309952167237
2025-10-13,2.53,2.492,2.554,2.904,1420.5,2.555,,3584.550048828125,408000.0,11730.0,7.160768349205348,-114.6,18.883086522775773
2025-10-14,2.53,2.48,2.533,2.871,1427.7,2.547,79.94999694824219,3561.81005859375,734100.0,11655.0,7.255641002648984,-115.90000000000002,19.129377672214662
2025-10-15,2.53,2.473,2.52,2.856,1428.4,2.544,75.11000061035156,3657.280029296875,543600.0,11965.0,7.104621683568348,-119.39999999999999,20.284109568261346
2025-10-16,2.53,2.511,2.569,2.908,1424.4,2.559,81.2300033569336,3748.3701171875,495800.0,12045.0,7.263717397616973,-108.20000000000003,21.45234242217589
2025-10-17,2.53,2.493,2.555,2.885,1419.1,2.549,78.62000274658203,3748.889892578125,420800.0,11950.0,7.4809159589349195,-113.49999999999997,21.23317219622858
2025-10-20,2.53,2.513,2.569,2.892,1419.5,2.556,77.22000122070312,3814.68994140625,410100.0,12375.0,7.46419240715898,-110.80000000000001,21.67813033936181
2025-10-21,2.54,2.541,2.6,2.904,1420.2,2.565,77.18000030517578,3823.840087890625,526900.0,12315.0,7.46503427759269,-107.60000000000001,21.560888749152586
2025-10-22,2.54,2.521,2.572,2.869,1423.7,2.556,75.48999786376953,3883.679931640625,597200.0,12265.0,7.095399488078001,-110.1,21.018565456862028
2025-10-23,2.54,2.556,2.605,2.912,1430.1,2.576,74.05000305175781,3845.56005859375,423600.0,12195.0,7.069525404304038,-109.79999999999998,21.590542504132383
2025-10-24,2.55,2.54,2.591,2.913,1436.6,2.57,68.94000244140625,3941.590087890625,426900.0,12215.0,7.117444962662633,-110.69999999999997,22.316947129286618
2025-10-27,2.55,2.556,2.62,2.959,1436.1,2.585,66.87000274658203,4042.830078125,517000.0,12355.0,6.937455126652798,-105.09999999999997,23.2970662220585
2025-10-28,2.55,2.574,2.633,2.935,1432.5,2.592,67.30000305175781,4010.409912109375,408200.0,12325.0,7.072463621237109,-105.50000000000001,23.953660391797367
2025-10-29,2.55,2.605,2.677,2.984,1434.3,2.613,65.75,4081.14990234375,466900.0,12225.0,7.050085863199803,-109.60000000000001,23.848603180042474
2025-10-30,2.57,2.659,2.732,3.05,1433.0,2.649,66.87999725341797,4086.889892578125,566500.0,12075.0,7.096463762735534,-106.00000000000006,23.775490849748323
2025-10-31,2.59,2.636,2.716,3.061,1423.2,2.648,66.61000061035156,4107.5,408300.0,12130.0,7.590330333259213,-104.90000000000003,20.447898741640607
2025-11-03,2.59,2.678,2.741,3.086,1427.4,2.663,67.2300033569336,4221.8701171875,472700.0,12130.0,7.156231198145877,-104.4,21.408252007104974
2025-11-04,2.6,2.669,2.729,3.082,1429.0,2.665,68.0199966430664,4121.740234375,423500.0,12340.0,6.627726655623276,-101.79999999999998,24.29020384131409
2025-11-05,2.61,2.693,2.767,3.125,1437.7,2.681,72.41999816894531,4004.419921875,594200.0,12305.0,6.871806551892059,-104.5,27.766307210338994
2025-11-06,2.61,2.752,2.834,3.203,1447.0,2.729,72.44000244140625,4026.449951171875,423400.0,12705.0,7.117460484854421,-90.70000000000005,26.797537750699167
2025-11-07,2.63,2.803,2.894,3.226,1445.6,2.76,74.41000366210938,3953.760009765625,377100.0,12515.0,6.991500883578568,-88.40000000000003,27.820347578038206
2025-11-10,2.64,2.795,2.865,3.23,1454.0,2.757,78.86000061035156,4073.239990234375,339500.0,12930.0,5.7183559940055755,-89.99999999999999,28.849052231826683
2025-11-11,2.65,2.756,2.831,3.201,1453.7,2.743,,4106.39013671875,377600.0,12790.0,5.545595551699455,-92.89999999999998,28.444589993669233
2025-11-12,2.67,2.837,2.923,3.282,1463.2,2.797,81.12000274658203,4150.39013671875,334600.0,13350.0,5.8895564871405774,-79.80000000000001,27.539711501632812
2025-11-13,2.68,2.831,2.932,3.267,1466.4,2.804,79.0999984741211,4170.6298828125,424200.0,13315.0,5.702137784323843,-84.30000000000004,26.66683576184714
2025-11-14,2.71,2.828,2.944,3.317,1469.5,2.814,79.70999908447266,4011.570068359375,400000.0,12970.0,5.365170708330451,-82.29999999999995,30.822275117882036
2025-11-17,2.72,2.802,2.914,3.301,1458.5,2.806,82.58000183105469,4089.25,344100.0,12715.0,6.278204916017955,-82.89999999999998,30.937783142100443
2025-11-18,2.73,2.754,2.872,3.268,1458.3,2.788,83.18000030517578,3953.6201171875,319700.0,12335.0,6.293760921255849,-85.20000000000003,33.592426672698835
2025-11-19,2.73,2.74,2.869,3.281,1465.2,2.788,84.31999969482422,3929.510009765625,338200.0,12345.0,6.3984402583080415,-84.89999999999998,33.29616235141476
2025-11-20,2.73,2.738,2.908,3.325,1465.0,2.792,77.80999755859375,4004.85009765625,360300.0,12380.0,6.31631980162256,-77.49999999999994,33.65878171240703
2025-11-21,2.74,2.691,2.872,3.271,1468.4,2.774,78.80999755859375,3853.260009765625,319300.0,12290.0,6.20916264334702,-78.89999999999998,35.37640456397927
2025-11-24,2.74,2.714,2.904,3.289,1472.0,2.784,76.81999969482422,3846.06005859375,373100.0,12260.0,6.201936186087301,-75.1,33.954024729781686
2025-11-25,2.75,2.723,2.902,3.264,1473.5,2.782,72.81999969482422,3857.780029296875,279300.0,12255.0,6.0434853323168936,-74.6,33.932845344396775
2025-11-26,2.75,2.734,2.895,3.251,1473.5,2.781,71.9000015258789,3960.8701171875,295300.0,12615.0,6.064384253335612,-74.9,34.763191975111916
2025-11-27,2.76,2.842,3.013,3.351,1462.7,2.846,,3986.909912109375,257900.0,12565.0,6.769769233569164,-64.9,34.86412255640523
2025-11-28,2.78,2.835,2.991,3.344,1464.8,2.841,68.94999694824219,3926.590087890625,241900.0,12540.0,6.097096811694058,-67.59999999999997,35.1341259224849
2025-12-01,2.79,2.891,3.045,3.387,1465.9,2.863,71.3499984741211,3920.3701171875,296900.0,12685.0,6.075164408659844,-70.29999999999998,33.32316465446851
2025-12-02,2.8,2.87,3.022,3.346,1469.1,2.848,69.91000366210938,3994.929931640625,319000.0,12965.0,6.081810615973527,-74.39999999999998,33.33496495614415
2025-12-03,2.8,2.879,3.041,3.368,1469.6,2.853,66.45999908447266,4036.300048828125,290900.0,13030.0,5.830135455756329,-69.19999999999997,31.967121504363167
2025-12-04,2.81,2.85,3.025,3.376,1468.7,2.845,65.69000244140625,4028.510009765625,352000.0,12835.0,5.498379114662997,-73.40000000000005,31.924521342997885
2025-12-05,2.81,2.826,2.994,3.358,1471.5,2.833,67.27999877929688,4100.0498046875,478500.0,12995.0,5.473878352964934,-78.19999999999996,31.73622598829103
2025-12-08,2.82,2.847,3.034,3.401,1472.1,2.849,72.30000305175781,4154.85009765625,395600.0,12775.0,5.157010243369093,-76.9,30.2797450364162
2025-12-09,2.83,2.882,3.084,3.453,1469.0,2.867,75.37999725341797,4143.5498046875,400600.0,12765.0,5.240958971119921,-72.69999999999999,30.193358263824656
2025-12-10,2.83,2.901,3.095,3.371,1470.4,2.877,68.62000274658203,4135.0,317900.0,12595.0,4.7434402802774995,-75.89999999999999,29.966796400357953
2025-12-11,2.83,2.909,3.101,3.378,1470.4,2.877,69.23999786376953,4110.6201171875,539800.0,12770.0,4.688177573510149,-76.19999999999996,29.977553253906798
2025-12-12,2.83,2.909,3.093,3.409,1469.5,2.873,69.25,4167.16015625,426600.0,12735.0,4.635534146347112,-78.10000000000005,26.84382814802701
2025-12-15,2.83,2.841,3.0,3.325,1472.5,2.83,73.30999755859375,4090.590087890625,346800.0,12595.0,3.7412553924259537,-85.49999999999996,26.95605654876711
2025-12-16,2.82,2.831,2.999,3.313,1474.1,2.828,67.13999938964844,3999.1298828125,374000.0,12555.0,3.7396813004833764,-83.70000000000002,25.412803158717757
2025-12-17,2.82,2.836,2.996,3.324,1472.4,2.826,62.7400016784668,4056.409912109375,361000.0,12605.0,3.4362947470408223,-83.60000000000002,25.72078096956798
2025-12-18,2.83,2.803,2.967,3.312,1478.6,2.801,60.0099983215332,3994.510009765625,581400.0,12540.0,3.707660999024715,-80.80000000000003,25.524449683201112
2025-12-19,2.83,2.836,3.01,3.342,1477.2,2.825,59.40999984741211,4020.550048828125,442700.0,12720.0,3.6719593950890834,-81.80000000000001,21.31006333627563
2025-12-22,2.83,2.823,2.999,3.359,1477.8,2.818,61.70000076293945,4105.93017578125,315600.0,12900.0,3.5838155267321534,-81.1,22.279283188879294
2025-12-23,2.83,2.802,2.963,3.379,1478.9,2.81,61.16999816894531,4117.31982421875,385800.0,12830.0,3.5767999305751403,-80.09999999999997,22.280016223563713
2025-12-24,2.82,2.776,2.939,3.345,1483.4,2.797,59.47999954223633,4108.6201171875,363600.0,12970.0,3.7162473413913233,-80.50000000000001,20.552910280616597
2025-12-25,,,,,,,,,,,,-80.50000000000001,
2025-12-26,2.82,2.795,2.958,3.374,1460.6,2.803,58.5,4129.68017578125,510200.0,12765.0,6.189447407534784,-76.59999999999995,20.515734084652227
2025-12-29,2.82,2.778,2.939,3.354,1442.3,2.785,59.209999084472656,4220.56005859375,502400.0,12905.0,7.571245537016341,-76.6,20.675967408054515
2025-12-30,2.82,2.796,2.952,3.385,1433.9,2.788,63.97999954223633,4214.169921875,408200.0,12800.0,7.754396283473359,-75.49999999999999,20.6736103798084
2025-12-31,2.82,2.796,2.953,3.385,1434.9,2.788,63.959999084472656,,,,7.688846764457792,-79.5,
2026-01-01,,,,,,,,,,,,-79.5,
2026-01-02,2.82,2.792,2.935,3.386,1434.9,2.785,62.36000061035156,4309.6298828125,406300.0,12850.0,7.680949274311328,-80.40000000000003,21.067182690381774
2026-01-05,2.78,2.831,2.933,3.396,1442.1,2.773,64.70999908447266,4457.52001953125,513900.0,12905.0,7.9901797492448035,-77.4,23.607389890220404
2026-01-06,2.75,2.829,2.948,3.398,1446.8,2.763,65.81999969482422,4525.47998046875,498400.0,13140.0,8.06727989339788,-78.19999999999996,23.717966229661545
2026-01-07,2.73,2.811,2.91,3.354,1445.7,2.734,66.1500015258789,4551.06005859375,553700.0,12905.0,8.0540835991512,-79.60000000000002,23.303483364238183
2026-01-08,2.72,2.803,2.902,3.341,1448.3,2.729,66.94000244140625,4552.3701171875,440100.0,12680.0,8.095177857981499,-84.90000000000002,23.167609164117458
2026-01-09,2.71,2.822,2.942,3.386,1449.4,2.735,61.54999923706055,4586.31982421875,399200.0,12805.0,8.090236571523246,-79.39999999999996,23.0176615575756
2026-01-12,2.7,2.829,2.98,3.392,1455.7,2.737,62.900001525878906,4624.7900390625,394800.0,12845.0,8.285356318575872,-79.80000000000005,22.879483289247904
2026-01-13,2.7,2.841,3.003,3.412,1464.1,2.718,60.790000915527344,4692.64013671875,429200.0,12945.0,8.57740701866959,-76.79999999999998,22.659304804705943
2026-01-14,2.69,2.828,2.996,3.418,1472.8,2.713,58.11000061035156,4723.10009765625,550400.0,13100.0,8.81915263295073,-73.20000000000002,22.507229012640778
2026-01-15,2.69,2.896,3.09,3.493,1477.5,2.747,56.13999938964844,4797.5498046875,545200.0,13040.0,8.88415749174984,-67.7,20.71910836237373
2026-01-16,2.69,2.879,3.08,3.488,1469.7,2.746,58.04999923706055,4840.740234375,720900.0,13200.0,9.08173120217975,-75.20000000000002,17.31936445976402
2026-01-19,2.7,2.91,3.13,3.565,1473.5,2.769,,4904.66015625,570800.0,13095.0,8.997915213300127,-67.50000000000003,17.283860896027235
2026-01-20,2.7,2.94,3.191,3.653,1473.6,2.787,66.66999816894531,4885.75,667700.0,13460.0,8.993315370251459,-64.69999999999997,15.489648514099496
2026-01-21,2.7,2.9,3.138,3.602,1477.0,2.785,59.560001373291016,4909.93017578125,600100.0,13495.0,9.032924644316681,-65.8,15.548576657971342
2026-01-22,2.7,2.878,3.109,3.558,1472.8,2.792,56.5,4952.52978515625,568600.0,13605.0,9.082746984919778,-70.19999999999999,14.983003147052829
2026-01-23,2.7,2.91,3.137,3.59,1468.4,2.817,56.25,4990.06982421875,612600.0,13935.0,9.050158988783426,-65.00000000000003,14.79452970915521
2026-01-26,2.71,2.877,3.096,3.544,1467.2,2.819,55.77000045776367,4949.58984375,446900.0,13855.0,7.152475781208109,-67.59999999999997,15.563111297569861
2026-01-27,2.71,2.885,3.094,3.53,1442.8,2.862,56.119998931884766,5084.85009765625,476200.0,14350.0,8.195331222733262,-71.00000000000004,16.70776828949496
2026-01-28,2.72,2.866,3.067,3.518,1448.8,2.876,57.43000030517578,5170.81005859375,593100.0,14205.0,8.013608445119372,-74.2,16.336176388922194
2026-01-29,2.73,2.906,3.106,3.557,1428.6,2.91,60.72999954223633,5221.25,699700.0,14375.0,9.516834080452865,-68.30000000000003,15.738251119285499
2026-01-30,2.73,2.933,3.138,3.607,1427.0,2.938,59.20000076293945,5224.35986328125,862500.0,14285.0,9.521970799604713,-65.29999999999995,15.483882385158804
2026-02-02,2.75,2.945,3.152,3.603,1436.7,2.948,59.29999923706055,4949.669921875,572500.0,14060.0,9.672540255388054,-68.69999999999999,24.98168461525716
2026-02-03,2.76,2.98,3.189,3.661,1457.3,2.968,57.540000915527344,5288.080078125,672600.0,14885.0,10.91338741402352,-61.90000000000002,33.44917095298459
2026-02-04,2.76,2.996,3.212,3.712,1449.0,2.976,57.5099983215332,5371.10009765625,789900.0,15300.0,11.12065982421678,-57.79999999999998,33.54457745046914
2026-02-05,2.77,2.984,3.204,3.687,1451.2,2.974,62.15999984741211,5163.56982421875,911900.0,15235.0,11.11555334580955,-52.30000000000001,37.433324666996874
2026-02-06,2.77,3.006,3.233,3.71,1464.1,2.983,63.619998931884766,5089.14013671875,745800.0,15455.0,11.543609024358883,-50.99999999999998,38.16350720151848
2026-02-09,2.77,3.009,3.267,3.754,1470.3,2.985,62.7400016784668,5298.0400390625,617700.0,15930.0,11.538767359740046,-46.59999999999997,40.19915188442952
2026-02-10,2.78,2.946,3.224,3.681,1464.3,2.968,64.55000305175781,5301.68994140625,712300.0,16360.0,11.474404036057,-47.900000000000006,40.1572642270825
2026-02-11,2.78,2.918,3.2,3.639,1457.7,2.959,61.349998474121094,5354.490234375,753800.0,16895.0,11.359444635066092,-54.099999999999994,40.176909892898784
2026-02-12,2.78,2.888,3.154,3.618,1454.4,2.948,68.56999969482422,5522.27001953125,750600.0,17490.0,11.289753567219314,-47.199999999999996,41.019492741486516
2026-02-13,2.78,2.881,3.142,3.571,1443.4,2.938,70.0999984741211,5507.009765625,1290700.0,17555.0,11.439048148279154,-46.899999999999984,41.169912561348646
2026-02-16,,,,,,,,,,,,-46.899999999999984,
2026-02-17,,,,,,,68.83999633789062,,,,,-47.89999999999996,
2026-02-18,,,,,,,64.19000244140625,,,,,-51.89999999999997,
2026-02-19,2.78,2.905,3.178,3.588,1443.1,2.934,68.02999877929688,5677.25,1185800.0,17890.0,11.369642185451623,-49.2,42.00742950900353
2026-02-20,2.78,2.879,3.143,3.54,1450.7,2.906,64.2699966430664,5808.52978515625,1749300.0,18490.0,11.583198999406731,-54.0,42.11697477635588
2026-02-23,2.78,2.89,3.154,3.578,1448.7,2.9,68.02999877929688,5846.08984375,1477800.0,18230.0,11.527611212119515,-45.20000000000004,42.10096006719068
2026-02-24,2.78,2.894,3.158,3.593,1442.0,2.895,65.2699966430664,5969.64013671875,1602000.0,17780.0,11.583790569819799,-44.7,42.316133798266904
2026-02-25,2.78,2.873,3.124,3.556,1445.8,2.882,62.43000030517578,6083.85986328125,1415300.0,17970.0,11.629673739758557,-49.39999999999998,42.437204846352635
2026-02-26,2.78,2.829,3.062,3.47,1435.3,2.86,63.93000030517578,6307.27001953125,1409600.0,17890.0,11.857439831582202,-54.999999999999936,42.839774832887606
2026-02-27,2.78,2.818,3.041,3.446,1424.5,2.855,73.37999725341797,6244.1298828125,1166100.0,17315.0,10.652047663090478,-52.400000000000006,43.17912013283309
2026-03-02,,,,,,,73.20999908447266,,,,,-60.39999999999996,
2026-03-03,2.79,2.973,3.18,3.594,1435.4,2.936,77.75,5791.91015625,1227200.0,16790.0,10.928334959130266,-46.59999999999997,52.17437735228951
2026-03-04,2.79,3.001,3.223,3.632,1464.5,2.937,70.02999877929688,5093.5400390625,1637600.0,14915.0,12.01685789958473,-45.799999999999976,68.84580324797712
2026-03-05,2.79,2.968,3.189,3.589,1478.8,2.918,74.52999877929688,5583.89990234375,1660700.0,16155.0,12.346465424132287,-54.099999999999994,76.91634689870394
2026-03-06,2.8,2.992,3.227,3.616,1464.3,2.927,81.26000213623047,5584.8701171875,1223000.0,16040.0,12.853602698104256,-53.40000000000003,73.94877141243185
2026-03-09,2.8,3.148,3.42,3.739,1474.5,2.998,79.73999786376953,5251.8701171875,1026200.0,15485.0,12.08075548001685,-38.10000000000002,73.84268507973123
2026-03-10,2.8,3.161,3.283,3.629,1493.1,2.952,76.33000183105469,5532.58984375,923200.0,15800.0,12.551519015250856,-52.10000000000004,76.04221228997578
2026-03-11,2.81,3.135,3.253,3.608,1472.8,2.945,78.58999633789062,5609.9501953125,1050900.0,16365.0,13.651728640892058,-60.19999999999999,74.53663295953903
2026-03-12,2.81,3.152,3.271,3.649,1467.3,2.957,95.30000305175781,5583.25,801300.0,16165.0,13.389330699425303,-62.09999999999995,74.2774889222846
2026-03-13,2.81,3.193,3.338,3.701,1479.8,2.979,91.16999816894531,5487.240234375,907700.0,15945.0,13.646879246978305,-57.90000000000002,73.4754600794764
2026-03-16,2.81,3.165,3.3,3.68,1489.5,2.967,85.25,5549.85009765625,1073900.0,15860.0,13.710211051964471,-55.00000000000003,73.533138697982
2026-03-17,2.81,3.186,3.324,3.692,1496.0,2.953,79.2300033569336,5640.47998046875,1135100.0,16070.0,13.608366768408937,-50.8,73.64393970134209
2026-03-18,2.81,3.141,3.261,3.606,1491.6,2.929,81.25,5925.02978515625,1143800.0,16675.0,13.6342069652296,-65.39999999999999,74.89859434448698
2026-03-19,2.8,3.211,3.329,3.693,1486.0,2.961,84.87999725341797,5763.22021484375,1184200.0,16505.0,13.370338780896887,-55.699999999999996,75.72137564042504
2026-03-20,2.8,3.3,3.41,3.736,1499.7,2.994,108.83999633789062,5781.2001953125,1490800.0,16615.0,13.627936150940268,-65.39999999999995,75.02058532551209
2026-03-23,2.8,3.499,3.617,3.879,1494.9,3.069,98.1500015258789,5405.75,1125600.0,15450.0,13.686791840823789,-46.09999999999999,78.17730073234665
2026-03-24,2.81,3.432,3.523,3.835,1509.6,3.042,103.01000213623047,5553.919921875,1170500.0,15645.0,13.946191783943151,-55.49999999999997,78.84332603489455
2026-03-25,2.82,3.475,3.558,3.859,1498.3,3.09,97.58999633789062,5642.2099609375,763200.0,16160.0,14.164334317541966,-47.10000000000001,78.66685355295714
2026-03-26,2.82,3.453,3.552,3.865,1495.6,3.101,115.0199966430664,5460.4599609375,925100.0,16110.0,14.223503842459415,-55.49999999999997,78.9805690974575
2026-03-27,2.83,3.499,3.582,3.915,1506.2,3.129,111.94999694824219,5438.8701171875,900100.0,16155.0,13.928889880644826,-52.500000000000036,77.49159830081939
2026-03-30,2.84,3.47,3.542,3.891,1508.1,3.128,108.33000183105469,5277.2998046875,727400.0,15695.0,13.434775489868784,-45.89999999999996,77.93331076283377
2026-03-31,2.84,3.481,3.552,3.879,1513.4,3.132,96.05000305175781,5052.4599609375,1163300.0,15270.0,13.320038567289568,-42.09999999999998,75.29822337245214
2026-04-01,2.83,3.326,3.37,3.689,1530.5,3.066,90.19000244140625,5478.7001953125,959000.0,16100.0,12.070495373754165,-64.1,68.68689989541933
2026-04-02,2.82,3.398,3.477,3.804,1507.8,3.136,84.41000366210938,5234.0498046875,1428200.0,15695.0,13.144995023460787,-50.59999999999998,61.56831527592128
2026-04-03,2.81,3.362,3.448,3.747,1518.8,3.112,,5377.2998046875,1185200.0,15640.0,12.672971508163114,-60.299999999999976,62.47615107733462
2026-04-06,2.81,3.338,3.432,3.725,1507.6,3.112,81.68000030517578,5450.330078125,1110500.0,15850.0,12.926304830225233,-61.49999999999998,58.67858347645388
2026-04-07,2.81,3.338,3.451,3.754,1507.2,3.123,83.1500015258789,5494.77978515625,990400.0,15595.0,12.198191339051537,-57.60000000000001,55.58333247837085
2026-04-08,2.81,3.199,3.315,3.628,1506.8,3.056,78.73999786376953,5872.33984375,932600.0,16650.0,11.01583319143435,-66.19999999999999,60.55154756715883
2026-04-09,2.8,3.213,3.338,3.66,1476.1,3.059,74.01000213623047,5778.009765625,1026700.0,16495.0,13.336439085391916,-62.999999999999986,60.875080657439995
2026-04-10,2.8,3.228,3.36,3.686,1481.1,3.061,72.1500015258789,5858.8701171875,1002400.0,16835.0,13.039747092190456,-62.39999999999996,60.548828798579414
2026-04-13,2.8,3.248,3.382,3.715,1479.8,3.08,74.41999816894531,5808.6201171875,1083200.0,16705.0,12.814915267523508,-58.5,60.63854340822237
2026-04-14,2.79,3.206,3.339,3.658,1489.8,3.06,74.3499984741211,5967.75,889500.0,17155.0,12.95772803400137,-60.19999999999999,61.08749740284248
2026-04-15,2.78,3.199,3.328,3.655,1481.4,3.057,67.94000244140625,6091.39013671875,923800.0,17225.0,13.06896352986506,-63.50000000000002,58.93194066450541
2026-04-16,2.78,3.205,3.34,3.675,1473.1,3.059,65.88999938964844,6226.0498046875,925700.0,17345.0,13.149784559657233,-64.50000000000004,58.27530012857237
2026-04-17,2.79,3.237,3.371,3.717,1472.6,3.071,65.69999694824219,6191.919921875,689700.0,17310.0,12.650325558181535,-54.29999999999997,58.38231076248174
2026-04-20,2.78,3.219,3.348,3.688,1480.0,3.063,67.9000015258789,6219.08984375,692900.0,17255.0,12.78651655540216,-57.19999999999996,52.391153365079354
2026-04-21,2.78,3.206,3.33,3.655,1475.6,3.057,70.77999877929688,6388.47021484375,792000.0,17235.0,12.213059126397122,-64.5,52.38243079470829
2026-04-22,2.78,3.24,3.365,3.697,1470.8,3.07,69.87999725341797,6417.93017578125,900100.0,17005.0,12.010754577617412,-60.299999999999976,52.296543809483076
2026-04-23,2.78,3.339,3.458,3.791,1477.6,3.112,67.69999694824219,6475.81005859375,1042400.0,17100.0,12.162242084346223,-54.89999999999999,50.20556867977132
2026-04-24,2.78,3.387,3.496,3.817,1480.6,3.122,66.97000122070312,6475.6298828125,878200.0,17045.0,11.868471284087567,-49.29999999999994,50.09011012127294
2026-04-27,2.78,3.381,3.492,3.82,1482.9,3.108,68.41999816894531,6615.02978515625,842700.0,16975.0,11.875745784169474,-52.99999999999998,48.06907805812038
2026-04-28,2.77,3.415,3.529,3.861,1473.1,3.112,68.68000030517578,6641.02001953125,1139500.0,17150.0,11.929734538253701,-49.90000000000001,43.72710144506337
2026-04-29,2.77,3.405,3.525,3.843,1473.3,3.109,74.33000183105469,6690.89990234375,717900.0,16865.0,10.983993132448996,-57.699999999999996,34.9881444544953
2026-04-30,2.77,3.475,3.595,3.923,1476.1,3.138,72.06999969482422,6598.8701171875,685500.0,16650.0,9.921562225473087,-47.70000000000003,29.904108114988354
2026-05-01,,,,,,,70.41000366210938,,,,,-46.69999999999996,
2026-05-04,2.77,3.519,3.615,3.932,1484.8,3.153,77.86000061035156,6936.990234375,873000.0,16910.0,9.776753720393359,-51.800000000000026,32.626967554220556
2026-05-05,,,,,,,76.77999877929688,,,,,-49.799999999999976,
2026-05-06,2.77,3.498,3.595,3.932,1470.5,3.143,70.62999725341797,7384.56005859375,995700.0,17505.0,9.998725698530079,-42.80000000000004,37.405287927739074
2026-05-07,2.76,3.452,3.546,3.888,1456.8,3.113,72.23999786376953,7490.0498046875,767500.0,17495.0,10.391839537818328,-52.200000000000024,37.30755353916949
2026-05-08,2.76,3.456,3.569,3.909,1450.8,3.129,67.25,7498.0,523100.0,17435.0,10.41232888353096,-47.10000000000001,31.9395571570188
2026-05-11,2.76,3.485,3.598,3.95,1466.0,3.147,70.73999786376953,7822.240234375,731300.0,17290.0,8.770425940419377,-46.99999999999997,31.847219130429004
2026-05-12,2.76,3.547,3.674,4.056,1473.0,3.176,71.68000030517578,7643.14990234375,1021100.0,16910.0,8.861758413599722,-40.39999999999999,34.639937953443564
2026-05-13,2.77,3.507,3.635,4.044,1484.3,3.162,70.23999786376953,7844.009765625,738700.0,16660.0,9.29179757214007,-41.60000000000004,33.88123817359953
2026-05-14,2.78,3.51,3.654,4.085,1495.1,3.171,69.62999725341797,7981.41015625,849900.0,17250.0,9.34225207673847,-38.49999999999998,33.59550370465508
2026-05-15,2.78,3.605,3.766,4.217,1491.8,3.23,79.87000274658203,7493.18017578125,885600.0,16830.0,9.135243937705898,-37.300000000000026,42.96690803157282
2026-05-18,2.79,3.597,3.757,4.239,1499.8,3.23,86.06999969482422,7516.0400390625,566600.0,16600.0,9.013468834127506,-37.100000000000044,42.83152326855779
2026-05-19,2.8,3.597,3.751,4.21,1503.4,3.23,85.31999969482422,7271.66015625,533500.0,16505.0,9.015407648603944,-46.0,45.12459024706725
2026-05-20,2.8,3.607,3.76,4.198,1503.8,3.239,81.52999877929688,7208.9501953125,492500.0,16230.0,8.894614229319824,-37.19999999999999,45.51473413809833
2026-05-21,2.8,3.602,3.753,4.174,1509.7,3.243,79.72000122070312,7815.58984375,621100.0,16910.0,8.842003431519103,-39.599999999999994,52.66068687975039
2026-05-22,2.81,3.587,3.736,4.128,1503.5,3.249,78.43000030517578,7847.7099609375,435500.0,17300.0,8.903476142563187,-43.199999999999946,52.6686145365867
2026-05-25,,,,,,,,,,,,-43.199999999999946,
2026-05-26,2.83,3.527,3.664,4.073,1513.3,3.246,74.94999694824219,8047.509765625,519600.0,17050.0,9.027048192292535,-42.69999999999996,52.9249054311783
2026-05-27,2.83,3.566,3.711,4.102,1507.9,3.29,70.9000015258789,8228.7001953125,619500.0,16790.0,9.177061694050654,-37.80000000000001,52.88168494754155
2026-05-28,2.84,3.615,3.766,4.147,1501.6,3.348,69.73999786376953,8185.2900390625,669000.0,16395.0,9.349298184131511,-30.299999999999994,53.13492352690309
2026-05-29,2.85,3.617,3.731,4.068,1505.8,3.343,70.22000122070312,8476.150390625,735100.0,16545.0,8.970105254119726,-38.20000000000006,53.73971693375199
2026-06-01,2.85,3.689,3.79,4.174,1503.2,3.397,73.33000183105469,8788.3798828125,636200.0,16800.0,9.021246328826276,-29.599999999999937,54.36061319432095
2026-06-02,2.85,3.683,3.773,4.135,1511.3,3.402,73.43000030517578,8801.490234375,632600.0,17380.0,9.150415961552556,-32.500000000000014,53.58164187292592
2026-06-03,,,,,,,73.58000183105469,,,,,-35.50000000000004,
2026-06-04,2.86,3.774,3.858,4.229,1515.6,3.456,71.16000366210938,8639.41015625,437900.0,17750.0,9.005611925469124,-24.099999999999966,53.04225215035062
2026-06-05,2.87,3.786,3.882,4.254,1528.6,3.483,75.19999694824219,8160.58984375,463200.0,17860.0,8.445325678703968,-29.600000000000026,54.2319191381043
2026-06-08,2.87,3.842,3.94,4.348,1543.0,3.527,76.9800033569336,7484.41015625,452200.0,16270.0,7.716703794522722,-21.199999999999974,62.49280957594681
2026-06-09,2.88,3.754,3.856,4.273,1546.5,3.516,77.02999877929688,8096.93017578125,448500.0,16970.0,7.26731704029899,-25.700000000000056,68.81263305483452
2026-06-10,2.88,3.731,3.881,4.273,1518.4,3.536,73.94999694824219,7730.81982421875,460900.0,16735.0,10.049215350468298,-27.700000000000014,69.40973494853618
2026-06-11,2.9,3.735,3.904,4.3,1522.4,3.552,69.44999694824219,7763.9501953125,478700.0,16600.0,9.993078638380599,-15.000000000000036,68.8724950338728
2026-06-12,2.92,3.668,3.808,4.195,1527.0,3.527,69.36000061035156,8123.6201171875,493400.0,17260.0,9.756179739444704,-28.500000000000014,70.17739809064571
2026-06-15,2.93,3.605,3.744,4.118,1520.4,3.512,69.37999725341797,8545.98046875,516600.0,18030.0,9.704036768681993,-35.199999999999946,72.1823633185655
2026-06-16,2.94,3.573,3.717,4.11,1510.0,3.508,67.27999877929688,8726.599609375,586300.0,18390.0,10.031905341100792,-31.99999999999994,68.05995522931225
2026-06-17,2.94,3.571,3.71,4.071,1513.5,3.513,70.66000366210938,8864.240234375,571200.0,17970.0,9.89854704454386,-41.90000000000005,68.07417534190448
2026-06-18,2.95,3.608,3.75,4.118,1512.8,3.534,65.38999938964844,9063.83984375,510900.0,17870.0,9.876766979001522,-34.19999999999996,66.38811875915532
2026-06-19,2.96,3.63,3.784,4.171,1523.4,3.557,,9052.419921875,517200.0,17705.0,10.15682788427709,-28.89999999999997,66.13704772022008
2026-06-22,2.97,3.67,3.81,4.195,1535.0,3.574,70.0199966430664,9114.5498046875,381100.0,17025.0,10.39548310297231,-31.49999999999995,60.44173716071837
2026-06-23,2.98,3.654,3.77,4.171,1535.7,3.584,68.77999877929688,8203.83984375,488700.0,16550.0,10.231702797632899,-32.89999999999998,71.66211329844774
2026-06-24,2.99,3.674,3.772,4.171,1537.2,3.602,69.05999755859375,8471.01953125,418200.0,16455.0,10.028112851487238,-23.899999999999988,71.99844359653761
2026-06-25,3.0,3.66,3.757,4.144,1538.3,3.605,67.0999984741211,8930.2998046875,456900.0,16595.0,9.894852655486673,-25.600000000000023,73.95790775549519
2026-06-26,3.01,3.648,3.722,4.117,1545.3,3.611,66.79000091552734,8411.2099609375,518500.0,16045.0,9.77135075224967,-26.29999999999999,77.25213103623737
2026-06-29,3.02,3.678,3.733,4.144,1544.2,3.632,68.13999938964844,8394.650390625,0.0,16490.0,9.786729440774431,-23.599999999999977,76.26634110957916
2026-06-30,3.03,3.651,3.703,4.091,1541.5,3.634,71.95999908447266,8476.48046875,449800.0,16410.0,9.787621024948788,-34.90000000000002,75.15896508538059
2026-07-01,3.05,3.72,3.791,4.205,1548.4,3.662,68.55999755859375,8303.41015625,468200.0,16445.0,9.742040619221632,-27.500000000000036,75.47509418948987
2026-07-02,3.07,3.687,3.747,4.183,1554.4,3.665,65.4000015258789,7648.08984375,505200.0,16690.0,9.771479123611005,-30.70000000000004,80.15102276035469
2026-07-03,3.07,3.677,3.748,4.197,1554.1,3.674,,8088.33984375,465800.0,17350.0,9.391642943155142,-29.300000000000015,80.72631189565593
2026-07-06,3.05,3.678,3.776,4.203,1539.7,3.682,65.76000213623047,8051.330078125,448700.0,17610.0,9.470435989568566,-27.700000000000014,74.50849887538776
2026-07-07,3.04,3.672,3.78,4.213,1531.8,3.701,70.25,7656.31005859375,516400.0,17605.0,9.589504331091351,-33.699999999999974,70.94190232944814
2026-07-08,3.03,3.659,3.775,4.245,1526.6,3.706,72.41000366210938,7246.7900390625,501100.0,17060.0,7.074864503419972,-31.49999999999995,71.66999219334006
2026-07-09,3.03,3.656,3.778,4.25,1509.9,3.711,68.88999938964844,7291.91015625,582800.0,16645.0,8.049043467219589,-29.000000000000004,71.69672558271158
2026-07-10,3.02,3.641,3.768,4.23,1504.2,3.709,69.55000305175781,7475.93994140625,453200.0,17600.0,8.027392993774061,-32.999999999999915,70.18075791533846
2026-07-13,3.02,3.681,3.809,4.263,1507.1,3.723,,6806.93017578125,474100.0,17505.0,7.963771760211312,-35.70000000000002,73.32331028601796
2026-07-14,3.02,3.763,3.887,4.333,1504.9,3.755,75.03260040283203,,,17095.0,7.610274226935602,-28.699999999999992,
